ID,ProductType,Condition,ScoreDiff
1,Symbolic,Brand,-2.0
1,Utilitarian,Brand,5.75
10,Symbolic,Brand,-3.0
10,Utilitarian,Brand,5.25
100,Symbolic,Brand,-2.5
100,Utilitarian,Brand,6.0
101,Symbolic,Brand,-0.75
101,Utilitarian,Brand,3.75
102,Symbolic,Brand,-2.5
102,Utilitarian,Brand,5.0
103,Symbolic,Brand,-5.0
103,Utilitarian,Brand,3.5
104,Symbolic,Brand,-4.0
104,Utilitarian,Brand,6.0
105,Symbolic,Brand,-3.5
105,Utilitarian,Brand,5.0
106,Symbolic,Brand,-4.5
106,Utilitarian,Brand,1.25
107,Symbolic,Brand,-3.0
107,Utilitarian,Brand,6.0
108,Symbolic,Brand,-2.75
108,Utilitarian,Brand,6.0
109,Symbolic,Brand,-1.0
109,Utilitarian,Brand,5.0
11,Symbolic,Brand,-3.0
11,Utilitarian,Brand,4.75
110,Symbolic,Brand,-2.5
110,Utilitarian,Brand,1.0
111,Symbolic,Brand,-3.5
111,Utilitarian,Brand,5.25
112,Symbolic,Brand,-2.25
112,Utilitarian,Brand,6.0
113,Symbolic,Brand,-3.5
113,Utilitarian,Brand,5.0
114,Symbolic,Brand,0.0
114,Utilitarian,Brand,0.0
115,Symbolic,Brand,-4.5
115,Utilitarian,Brand,5.75
116,Symbolic,Brand,-2.0
116,Utilitarian,Brand,1.75
117,Symbolic,Brand,-1.25
117,Utilitarian,Brand,4.0
118,Symbolic,Brand,-3.0
118,Utilitarian,Brand,3.75
119,Symbolic,Brand,-0.25
119,Utilitarian,Brand,-0.25
12,Symbolic,Brand,-5.5
12,Utilitarian,Brand,4.5
120,Symbolic,Brand,0.75
120,Utilitarian,Brand,6.0
121,Symbolic,Brand,-1.0
121,Utilitarian,Brand,3.75
122,Symbolic,Category,-4.25
122,Utilitarian,Category,5.0
123,Symbolic,Brand,1.5
123,Utilitarian,Brand,3.75
124,Symbolic,Category,-4.25
124,Utilitarian,Category,4.75
125,Symbolic,Brand,1.25
125,Utilitarian,Brand,3.25
126,Symbolic,Category,-6.0
126,Utilitarian,Category,6.0
127,Symbolic,Brand,-5.25
127,Utilitarian,Brand,3.25
128,Symbolic,Category,-2.75
128,Utilitarian,Category,4.25
129,Symbolic,Brand,-2.75
129,Utilitarian,Brand,1.5
13,Symbolic,Brand,-4.5
13,Utilitarian,Brand,6.0
130,Symbolic,Category,-0.25
130,Utilitarian,Category,4.0
131,Symbolic,Brand,-3.25
131,Utilitarian,Brand,5.0
132,Symbolic,Brand,-2.5
132,Utilitarian,Brand,2.5
133,Symbolic,Brand,-2.0
133,Utilitarian,Brand,2.75
134,Symbolic,Category,-1.75
134,Utilitarian,Category,0.75
135,Symbolic,Brand,0.0
135,Utilitarian,Brand,1.0
136,Symbolic,Category,-2.25
136,Utilitarian,Category,1.25
137,Symbolic,Brand,0.25
137,Utilitarian,Brand,1.25
138,Symbolic,Brand,-0.75
138,Utilitarian,Brand,-0.5
139,Symbolic,Category,-4.75
139,Utilitarian,Category,6.0
14,Symbolic,Brand,-1.0
14,Utilitarian,Brand,1.75
140,Symbolic,Brand,-2.5
140,Utilitarian,Brand,2.75
141,Symbolic,Brand,-2.75
141,Utilitarian,Brand,5.5
142,Symbolic,Category,-1.5
142,Utilitarian,Category,0.0
143,Symbolic,Brand,1.5
143,Utilitarian,Brand,-0.25
144,Symbolic,Category,-1.5
144,Utilitarian,Category,1.75
145,Symbolic,Brand,-0.5
145,Utilitarian,Brand,1.25
146,Symbolic,Category,-3.0
146,Utilitarian,Category,4.5
147,Symbolic,Brand,-1.0
147,Utilitarian,Brand,4.5
148,Symbolic,Category,-1.5
148,Utilitarian,Category,0.75
149,Symbolic,Brand,-2.25
149,Utilitarian,Brand,3.0
15,Symbolic,Brand,-1.75
15,Utilitarian,Brand,5.25
150,Symbolic,Category,-3.0
150,Utilitarian,Category,3.5
151,Symbolic,Category,-1.0
151,Utilitarian,Category,4.5
152,Symbolic,Brand,-4.5
152,Utilitarian,Brand,6.0
153,Symbolic,Category,0.25
153,Utilitarian,Category,1.25
154,Symbolic,Category,0.0
154,Utilitarian,Category,0.0
155,Symbolic,Brand,-3.75
155,Utilitarian,Brand,5.25
156,Symbolic,Brand,-3.25
156,Utilitarian,Brand,2.75
157,Symbolic,Category,-4.0
157,Utilitarian,Category,5.5
158,Symbolic,Brand,-0.5
158,Utilitarian,Brand,3.75
159,Symbolic,Category,-0.25
159,Utilitarian,Category,0.25
16,Symbolic,Brand,-2.75
16,Utilitarian,Brand,4.25
160,Symbolic,Category,-3.0
160,Utilitarian,Category,5.5
161,Symbolic,Category,-2.5
161,Utilitarian,Category,4.0
162,Symbolic,Category,-3.25
162,Utilitarian,Category,6.0
163,Symbolic,Category,-1.75
163,Utilitarian,Category,3.0
164,Symbolic,Category,0.0
164,Utilitarian,Category,0.0
165,Symbolic,Category,-2.0
165,Utilitarian,Category,6.0
166,Symbolic,Category,-5.75
166,Utilitarian,Category,3.0
167,Symbolic,Category,-4.25
167,Utilitarian,Category,6.0
168,Symbolic,Brand,-3.25
168,Utilitarian,Brand,6.0
169,Symbolic,Category,-2.0
169,Utilitarian,Category,3.25
17,Symbolic,Brand,-1.5
17,Utilitarian,Brand,1.5
170,Symbolic,Brand,-3.5
170,Utilitarian,Brand,6.0
171,Symbolic,Brand,-1.5
171,Utilitarian,Brand,6.0
172,Symbolic,Category,-3.75
172,Utilitarian,Category,5.5
173,Symbolic,Category,-5.0
173,Utilitarian,Category,4.5
174,Symbolic,Brand,-2.75
174,Utilitarian,Brand,2.0
175,Symbolic,Category,-3.25
175,Utilitarian,Category,5.75
176,Symbolic,Category,-3.75
176,Utilitarian,Category,3.5
177,Symbolic,Category,-2.25
177,Utilitarian,Category,6.0
178,Symbolic,Brand,0.0
178,Utilitarian,Brand,4.0
179,Symbolic,Category,-4.25
179,Utilitarian,Category,4.25
18,Symbolic,Brand,-0.5
18,Utilitarian,Brand,0.0
180,Symbolic,Category,-1.5
180,Utilitarian,Category,2.75
181,Symbolic,Category,0.25
181,Utilitarian,Category,2.5
182,Symbolic,Brand,-2.5
182,Utilitarian,Brand,4.5
183,Symbolic,Category,-2.25
183,Utilitarian,Category,4.5
184,Symbolic,Category,-3.5
184,Utilitarian,Category,5.0
185,Symbolic,Category,-3.25
185,Utilitarian,Category,5.25
186,Symbolic,Brand,-2.25
186,Utilitarian,Brand,4.25
187,Symbolic,Brand,0.0
187,Utilitarian,Brand,5.0
188,Symbolic,Category,-4.0
188,Utilitarian,Category,6.0
189,Symbolic,Category,-3.0
189,Utilitarian,Category,4.25
19,Symbolic,Brand,-3.75
19,Utilitarian,Brand,5.75
190,Symbolic,Brand,-1.5
190,Utilitarian,Brand,6.0
191,Symbolic,Category,-3.5
191,Utilitarian,Category,4.5
192,Symbolic,Brand,0.0
192,Utilitarian,Brand,-0.5
193,Symbolic,Category,-2.25
193,Utilitarian,Category,4.5
194,Symbolic,Category,0.0
194,Utilitarian,Category,0.0
195,Symbolic,Brand,-3.25
195,Utilitarian,Brand,5.75
196,Symbolic,Category,-2.5
196,Utilitarian,Category,6.0
197,Symbolic,Category,0.0
197,Utilitarian,Category,0.0
198,Symbolic,Category,-2.75
198,Utilitarian,Category,3.75
199,Symbolic,Brand,-3.0
199,Utilitarian,Brand,5.0
2,Symbolic,Brand,-0.75
2,Utilitarian,Brand,4.75
20,Symbolic,Brand,-4.5
20,Utilitarian,Brand,6.0
200,Symbolic,Category,-2.5
200,Utilitarian,Category,5.5
201,Symbolic,Category,-2.25
201,Utilitarian,Category,6.0
202,Symbolic,Brand,0.0
202,Utilitarian,Brand,3.0
203,Symbolic,Category,-0.25
203,Utilitarian,Category,-0.25
204,Symbolic,Brand,0.0
204,Utilitarian,Brand,3.0
205,Symbolic,Category,-2.5
205,Utilitarian,Category,4.0
206,Symbolic,Category,-4.0
206,Utilitarian,Category,6.0
207,Symbolic,Brand,0.0
207,Utilitarian,Brand,1.5
208,Symbolic,Category,-4.5
208,Utilitarian,Category,0.25
209,Symbolic,Brand,-0.75
209,Utilitarian,Brand,1.5
21,Symbolic,Brand,-0.75
21,Utilitarian,Brand,6.0
210,Symbolic,Category,-3.75
210,Utilitarian,Category,6.0
211,Symbolic,Category,-3.0
211,Utilitarian,Category,3.5
212,Symbolic,Brand,0.75
212,Utilitarian,Brand,4.5
213,Symbolic,Category,-3.0
213,Utilitarian,Category,5.75
214,Symbolic,Category,0.0
214,Utilitarian,Category,2.75
215,Symbolic,Category,-3.25
215,Utilitarian,Category,3.5
216,Symbolic,Brand,0.0
216,Utilitarian,Brand,0.0
217,Symbolic,Category,-2.25
217,Utilitarian,Category,5.25
218,Symbolic,Category,0.25
218,Utilitarian,Category,3.75
219,Symbolic,Category,-3.0
219,Utilitarian,Category,6.0
22,Symbolic,Brand,-2.75
22,Utilitarian,Brand,3.75
220,Symbolic,Category,-1.0
220,Utilitarian,Category,4.0
221,Symbolic,Brand,-3.0
221,Utilitarian,Brand,6.0
222,Symbolic,Category,-3.5
222,Utilitarian,Category,4.0
223,Symbolic,Category,-2.0
223,Utilitarian,Category,4.25
224,Symbolic,Brand,-2.5
224,Utilitarian,Brand,5.75
225,Symbolic,Category,-3.75
225,Utilitarian,Category,5.75
226,Symbolic,Category,-0.75
226,Utilitarian,Category,5.25
227,Symbolic,Brand,-3.0
227,Utilitarian,Brand,5.25
228,Symbolic,Category,-3.75
228,Utilitarian,Category,4.5
229,Symbolic,Category,-2.5
229,Utilitarian,Category,6.0
23,Symbolic,Brand,-0.25
23,Utilitarian,Brand,6.0
230,Symbolic,Brand,-2.5
230,Utilitarian,Brand,4.75
231,Symbolic,Category,0.25
231,Utilitarian,Category,0.25
232,Symbolic,Category,-2.25
232,Utilitarian,Category,5.5
233,Symbolic,Brand,-3.0
233,Utilitarian,Brand,4.5
234,Symbolic,Category,-1.25
234,Utilitarian,Category,3.25
235,Symbolic,Category,0.0
235,Utilitarian,Category,0.0
236,Symbolic,Brand,1.5
236,Utilitarian,Brand,0.75
237,Symbolic,Category,-0.25
237,Utilitarian,Category,3.75
238,Symbolic,Category,-1.75
238,Utilitarian,Category,0.0
239,Symbolic,Brand,0.25
239,Utilitarian,Brand,0.0
24,Symbolic,Brand,-3.75
24,Utilitarian,Brand,5.75
240,Symbolic,Category,-6.0
240,Utilitarian,Category,6.0
241,Symbolic,Category,-4.0
241,Utilitarian,Category,4.0
242,Symbolic,Brand,-1.75
242,Utilitarian,Brand,5.5
243,Symbolic,Category,-3.5
243,Utilitarian,Category,4.75
244,Symbolic,Category,-6.0
244,Utilitarian,Category,5.25
245,Symbolic,Brand,-0.25
245,Utilitarian,Brand,0.0
246,Symbolic,Category,-3.75
246,Utilitarian,Category,3.25
247,Symbolic,Category,-3.25
247,Utilitarian,Category,4.5
248,Symbolic,Category,-0.75
248,Utilitarian,Category,4.25
249,Symbolic,Brand,-4.0
249,Utilitarian,Brand,6.0
25,Symbolic,Brand,-2.25
25,Utilitarian,Brand,6.0
250,Symbolic,Brand,-1.5
250,Utilitarian,Brand,6.0
251,Symbolic,Category,-2.75
251,Utilitarian,Category,3.0
252,Symbolic,Category,-5.5
252,Utilitarian,Category,5.75
253,Symbolic,Category,-3.5
253,Utilitarian,Category,3.25
254,Symbolic,Brand,-1.0
254,Utilitarian,Brand,-0.5
255,Symbolic,Category,-4.25
255,Utilitarian,Category,6.0
256,Symbolic,Category,0.5
256,Utilitarian,Category,0.0
257,Symbolic,Category,-0.25
257,Utilitarian,Category,2.25
258,Symbolic,Category,-2.75
258,Utilitarian,Category,2.0
259,Symbolic,Brand,0.25
259,Utilitarian,Brand,0.5
26,Symbolic,Brand,-2.25
26,Utilitarian,Brand,6.0
260,Symbolic,Category,-1.0
260,Utilitarian,Category,4.0
261,Symbolic,Category,-0.75
261,Utilitarian,Category,5.5
262,Symbolic,Category,-4.0
262,Utilitarian,Category,4.5
263,Symbolic,Category,-5.25
263,Utilitarian,Category,6.0
264,Symbolic,Brand,-2.25
264,Utilitarian,Brand,-0.5
265,Symbolic,Category,-2.75
265,Utilitarian,Category,4.75
266,Symbolic,Category,-3.5
266,Utilitarian,Category,1.25
267,Symbolic,Brand,-3.0
267,Utilitarian,Brand,2.75
268,Symbolic,Brand,-0.25
268,Utilitarian,Brand,4.5
269,Symbolic,Category,-5.0
269,Utilitarian,Category,5.5
27,Symbolic,Brand,-5.25
27,Utilitarian,Brand,4.5
270,Symbolic,Category,-4.5
270,Utilitarian,Category,4.0
271,Symbolic,Brand,-2.25
271,Utilitarian,Brand,2.5
272,Symbolic,Category,-0.25
272,Utilitarian,Category,0.25
273,Symbolic,Brand,-0.75
273,Utilitarian,Brand,0.0
274,Symbolic,Category,-1.0
274,Utilitarian,Category,5.75
275,Symbolic,Category,-1.75
275,Utilitarian,Category,2.5
276,Symbolic,Category,-5.5
276,Utilitarian,Category,5.5
277,Symbolic,Brand,0.5
277,Utilitarian,Brand,0.5
278,Symbolic,Category,-2.0
278,Utilitarian,Category,2.25
279,Symbolic,Category,-0.75
279,Utilitarian,Category,5.75
28,Symbolic,Brand,-3.0
28,Utilitarian,Brand,5.5
280,Symbolic,Brand,-3.25
280,Utilitarian,Brand,4.25
281,Symbolic,Category,-1.25
281,Utilitarian,Category,3.5
282,Symbolic,Category,-3.5
282,Utilitarian,Category,4.75
283,Symbolic,Category,-3.75
283,Utilitarian,Category,6.0
284,Symbolic,Brand,0.0
284,Utilitarian,Brand,4.5
285,Symbolic,Brand,-3.25
285,Utilitarian,Brand,5.5
286,Symbolic,Category,-2.5
286,Utilitarian,Category,3.75
287,Symbolic,Category,-5.5
287,Utilitarian,Category,5.25
288,Symbolic,Brand,0.25
288,Utilitarian,Brand,-0.5
289,Symbolic,Category,-5.25
289,Utilitarian,Category,6.0
29,Symbolic,Brand,-4.0
29,Utilitarian,Brand,5.75
290,Symbolic,Category,-1.75
290,Utilitarian,Category,2.75
291,Symbolic,Category,-2.5
291,Utilitarian,Category,5.5
292,Symbolic,Brand,-1.5
292,Utilitarian,Brand,1.25
293,Symbolic,Category,-3.0
293,Utilitarian,Category,3.75
294,Symbolic,Category,-5.0
294,Utilitarian,Category,2.5
295,Symbolic,Category,-4.25
295,Utilitarian,Category,4.25
296,Symbolic,Brand,-2.75
296,Utilitarian,Brand,5.0
297,Symbolic,Category,-4.5
297,Utilitarian,Category,3.0
298,Symbolic,Category,-2.25
298,Utilitarian,Category,5.0
299,Symbolic,Category,-2.25
299,Utilitarian,Category,1.5
3,Symbolic,Brand,-1.25
3,Utilitarian,Brand,0.25
30,Symbolic,Brand,-3.0
30,Utilitarian,Brand,4.25
300,Symbolic,Brand,-1.0
300,Utilitarian,Brand,4.75
301,Symbolic,Brand,-5.0
301,Utilitarian,Brand,6.0
302,Symbolic,Category,-3.75
302,Utilitarian,Category,3.0
303,Symbolic,Category,-3.5
303,Utilitarian,Category,6.0
304,Symbolic,Brand,-1.0
304,Utilitarian,Brand,-0.25
305,Symbolic,Category,-3.0
305,Utilitarian,Category,2.5
306,Symbolic,Category,-6.0
306,Utilitarian,Category,6.0
307,Symbolic,Brand,-4.5
307,Utilitarian,Brand,5.25
308,Symbolic,Category,-2.5
308,Utilitarian,Category,3.5
309,Symbolic,Category,-4.75
309,Utilitarian,Category,4.5
31,Symbolic,Brand,-1.25
31,Utilitarian,Brand,4.0
310,Symbolic,Category,-2.75
310,Utilitarian,Category,4.0
311,Symbolic,Brand,0.75
311,Utilitarian,Brand,3.25
312,Symbolic,Category,-3.0
312,Utilitarian,Category,6.0
313,Symbolic,Category,-1.5
313,Utilitarian,Category,6.0
314,Symbolic,Category,-5.75
314,Utilitarian,Category,6.0
315,Symbolic,Category,-3.75
315,Utilitarian,Category,6.0
316,Symbolic,Category,-0.25
316,Utilitarian,Category,0.25
317,Symbolic,Category,-1.5
317,Utilitarian,Category,4.5
318,Symbolic,Brand,-4.5
318,Utilitarian,Brand,3.25
319,Symbolic,Category,-3.75
319,Utilitarian,Category,4.75
32,Symbolic,Brand,-0.75
32,Utilitarian,Brand,4.5
320,Symbolic,Category,-5.5
320,Utilitarian,Category,5.5
321,Symbolic,Category,-4.0
321,Utilitarian,Category,6.0
322,Symbolic,Brand,-4.25
322,Utilitarian,Brand,5.25
323,Symbolic,Category,-0.25
323,Utilitarian,Category,2.75
324,Symbolic,Category,-2.75
324,Utilitarian,Category,6.0
325,Symbolic,Brand,-3.25
325,Utilitarian,Brand,1.25
326,Symbolic,Category,-1.5
326,Utilitarian,Category,0.75
327,Symbolic,Category,-0.25
327,Utilitarian,Category,4.0
328,Symbolic,Category,-2.25
328,Utilitarian,Category,3.75
329,Symbolic,Category,-3.75
329,Utilitarian,Category,3.25
33,Symbolic,Brand,-3.25
33,Utilitarian,Brand,2.75
330,Symbolic,Brand,-2.25
330,Utilitarian,Brand,2.75
331,Symbolic,Category,-2.75
331,Utilitarian,Category,4.75
332,Symbolic,Category,-3.25
332,Utilitarian,Category,1.75
333,Symbolic,Category,-2.0
333,Utilitarian,Category,4.5
334,Symbolic,Category,-4.5
334,Utilitarian,Category,4.75
335,Symbolic,Brand,-2.0
335,Utilitarian,Brand,2.75
336,Symbolic,Category,-2.25
336,Utilitarian,Category,4.25
337,Symbolic,Category,-2.5
337,Utilitarian,Category,6.0
338,Symbolic,Category,-3.0
338,Utilitarian,Category,3.75
339,Symbolic,Category,-2.25
339,Utilitarian,Category,4.5
34,Symbolic,Brand,-1.75
34,Utilitarian,Brand,3.5
340,Symbolic,Brand,-5.0
340,Utilitarian,Brand,4.5
341,Symbolic,Brand,-3.0
341,Utilitarian,Brand,5.5
342,Symbolic,Category,-5.0
342,Utilitarian,Category,3.25
343,Symbolic,Category,-4.75
343,Utilitarian,Category,5.0
344,Symbolic,Brand,-0.5
344,Utilitarian,Brand,4.75
345,Symbolic,Category,0.25
345,Utilitarian,Category,5.0
346,Symbolic,Brand,-3.25
346,Utilitarian,Brand,4.5
347,Symbolic,Category,-3.75
347,Utilitarian,Category,4.25
348,Symbolic,Category,-6.0
348,Utilitarian,Category,5.75
349,Symbolic,Category,-3.25
349,Utilitarian,Category,6.0
35,Symbolic,Brand,-2.0
35,Utilitarian,Brand,5.5
350,Symbolic,Brand,-1.5
350,Utilitarian,Brand,4.75
351,Symbolic,Brand,-2.75
351,Utilitarian,Brand,4.25
352,Symbolic,Category,-2.25
352,Utilitarian,Category,2.75
353,Symbolic,Category,-4.25
353,Utilitarian,Category,3.5
354,Symbolic,Brand,-3.5
354,Utilitarian,Brand,4.0
355,Symbolic,Category,-4.75
355,Utilitarian,Category,4.5
356,Symbolic,Category,-2.25
356,Utilitarian,Category,4.0
357,Symbolic,Category,-0.5
357,Utilitarian,Category,0.5
358,Symbolic,Category,-3.75
358,Utilitarian,Category,5.0
359,Symbolic,Brand,1.5
359,Utilitarian,Brand,6.0
36,Symbolic,Brand,-1.0
36,Utilitarian,Brand,3.75
360,Symbolic,Category,-0.25
360,Utilitarian,Category,5.5
361,Symbolic,Category,-4.75
361,Utilitarian,Category,3.0
362,Symbolic,Brand,-2.25
362,Utilitarian,Brand,4.25
363,Symbolic,Category,-3.75
363,Utilitarian,Category,4.75
364,Symbolic,Category,1.75
364,Utilitarian,Category,1.75
365,Symbolic,Brand,-3.75
365,Utilitarian,Brand,6.0
366,Symbolic,Category,-3.75
366,Utilitarian,Category,5.0
367,Symbolic,Category,-3.25
367,Utilitarian,Category,6.0
368,Symbolic,Brand,-1.25
368,Utilitarian,Brand,5.25
369,Symbolic,Category,-5.25
369,Utilitarian,Category,6.0
37,Symbolic,Brand,0.5
37,Utilitarian,Brand,5.0
370,Symbolic,Category,-0.25
370,Utilitarian,Category,-0.25
371,Symbolic,Category,-3.0
371,Utilitarian,Category,2.75
372,Symbolic,Category,-2.25
372,Utilitarian,Category,5.5
373,Symbolic,Brand,-5.5
373,Utilitarian,Brand,5.0
374,Symbolic,Category,-4.5
374,Utilitarian,Category,4.75
375,Symbolic,Brand,-0.75
375,Utilitarian,Brand,3.75
376,Symbolic,Category,-0.25
376,Utilitarian,Category,2.0
377,Symbolic,Category,-1.75
377,Utilitarian,Category,3.75
378,Symbolic,Category,-3.5
378,Utilitarian,Category,5.5
379,Symbolic,Brand,-2.25
379,Utilitarian,Brand,4.25
38,Symbolic,Brand,-1.0
38,Utilitarian,Brand,1.25
380,Symbolic,Category,-2.75
380,Utilitarian,Category,4.25
381,Symbolic,Category,-3.0
381,Utilitarian,Category,2.25
382,Symbolic,Brand,-1.75
382,Utilitarian,Brand,3.0
383,Symbolic,Category,-1.25
383,Utilitarian,Category,4.75
384,Symbolic,Category,-4.5
384,Utilitarian,Category,6.0
385,Symbolic,Category,0.5
385,Utilitarian,Category,5.0
386,Symbolic,Category,1.0
386,Utilitarian,Category,3.0
387,Symbolic,Category,-2.75
387,Utilitarian,Category,4.75
388,Symbolic,Brand,-2.25
388,Utilitarian,Brand,6.0
389,Symbolic,Brand,-2.5
389,Utilitarian,Brand,3.25
39,Symbolic,Brand,-2.25
39,Utilitarian,Brand,6.0
390,Symbolic,Category,-2.5
390,Utilitarian,Category,6.0
391,Symbolic,Category,-1.0
391,Utilitarian,Category,0.5
392,Symbolic,Category,-3.25
392,Utilitarian,Category,6.0
393,Symbolic,Category,-3.75
393,Utilitarian,Category,5.25
394,Symbolic,Brand,-3.0
394,Utilitarian,Brand,2.75
395,Symbolic,Category,-3.25
395,Utilitarian,Category,6.0
396,Symbolic,Category,-3.25
396,Utilitarian,Category,4.5
397,Symbolic,Brand,1.0
397,Utilitarian,Brand,5.5
398,Symbolic,Brand,-2.0
398,Utilitarian,Brand,5.25
399,Symbolic,Category,-0.5
399,Utilitarian,Category,1.25
4,Symbolic,Brand,0.25
4,Utilitarian,Brand,0.75
40,Symbolic,Brand,-4.5
40,Utilitarian,Brand,6.0
400,Symbolic,Brand,1.5
400,Utilitarian,Brand,1.0
401,Symbolic,Category,-2.75
401,Utilitarian,Category,3.5
402,Symbolic,Category,-2.5
402,Utilitarian,Category,2.5
403,Symbolic,Category,-2.25
403,Utilitarian,Category,6.0
404,Symbolic,Brand,-4.75
404,Utilitarian,Brand,3.5
405,Symbolic,Category,-4.5
405,Utilitarian,Category,6.0
406,Symbolic,Category,1.0
406,Utilitarian,Category,2.0
407,Symbolic,Brand,-3.0
407,Utilitarian,Brand,2.0
408,Symbolic,Brand,-3.75
408,Utilitarian,Brand,4.5
409,Symbolic,Category,-3.25
409,Utilitarian,Category,5.25
41,Symbolic,Brand,-3.0
41,Utilitarian,Brand,4.25
410,Symbolic,Category,-2.75
410,Utilitarian,Category,6.0
411,Symbolic,Category,0.0
411,Utilitarian,Category,2.75
412,Symbolic,Brand,-3.0
412,Utilitarian,Brand,5.25
413,Symbolic,Category,-4.5
413,Utilitarian,Category,1.0
414,Symbolic,Brand,-1.25
414,Utilitarian,Brand,3.5
415,Symbolic,Category,-3.0
415,Utilitarian,Category,3.0
416,Symbolic,Category,-3.75
416,Utilitarian,Category,4.25
417,Symbolic,Brand,-4.0
417,Utilitarian,Brand,6.0
418,Symbolic,Category,-2.25
418,Utilitarian,Category,4.75
419,Symbolic,Brand,-3.0
419,Utilitarian,Brand,3.0
42,Symbolic,Brand,0.0
42,Utilitarian,Brand,2.75
420,Symbolic,Category,-2.25
420,Utilitarian,Category,5.0
421,Symbolic,Category,0.0
421,Utilitarian,Category,5.0
422,Symbolic,Category,-1.5
422,Utilitarian,Category,5.25
423,Symbolic,Brand,-2.25
423,Utilitarian,Brand,5.75
424,Symbolic,Category,0.0
424,Utilitarian,Category,2.25
425,Symbolic,Category,-4.5
425,Utilitarian,Category,4.0
426,Symbolic,Category,-2.25
426,Utilitarian,Category,4.25
427,Symbolic,Brand,-2.75
427,Utilitarian,Brand,6.0
428,Symbolic,Category,-0.25
428,Utilitarian,Category,6.0
429,Symbolic,Brand,0.25
429,Utilitarian,Brand,5.25
43,Symbolic,Brand,-3.5
43,Utilitarian,Brand,5.25
430,Symbolic,Category,-3.25
430,Utilitarian,Category,3.0
431,Symbolic,Category,-3.0
431,Utilitarian,Category,5.75
432,Symbolic,Category,1.5
432,Utilitarian,Category,3.75
433,Symbolic,Brand,-4.0
433,Utilitarian,Brand,4.0
434,Symbolic,Category,-2.25
434,Utilitarian,Category,1.25
435,Symbolic,Category,-3.75
435,Utilitarian,Category,5.25
436,Symbolic,Brand,-1.0
436,Utilitarian,Brand,6.0
437,Symbolic,Category,-4.25
437,Utilitarian,Category,6.0
438,Symbolic,Category,-5.25
438,Utilitarian,Category,5.75
439,Symbolic,Brand,-6.0
439,Utilitarian,Brand,6.0
44,Symbolic,Brand,-0.25
44,Utilitarian,Brand,-0.25
440,Symbolic,Brand,-2.5
440,Utilitarian,Brand,5.5
441,Symbolic,Category,-1.25
441,Utilitarian,Category,6.0
442,Symbolic,Category,-3.5
442,Utilitarian,Category,4.0
443,Symbolic,Brand,-3.0
443,Utilitarian,Brand,5.0
444,Symbolic,Brand,-2.0
444,Utilitarian,Brand,3.0
445,Symbolic,Category,-3.75
445,Utilitarian,Category,6.0
446,Symbolic,Category,-3.75
446,Utilitarian,Category,5.75
447,Symbolic,Category,-2.25
447,Utilitarian,Category,6.0
448,Symbolic,Brand,-1.5
448,Utilitarian,Brand,5.75
449,Symbolic,Category,-4.0
449,Utilitarian,Category,4.75
45,Symbolic,Brand,-4.5
45,Utilitarian,Brand,4.5
450,Symbolic,Brand,-0.75
450,Utilitarian,Brand,6.0
451,Symbolic,Category,-2.75
451,Utilitarian,Category,3.75
452,Symbolic,Category,-2.25
452,Utilitarian,Category,4.75
453,Symbolic,Category,-3.25
453,Utilitarian,Category,3.0
454,Symbolic,Brand,6.0
454,Utilitarian,Brand,4.5
455,Symbolic,Category,-3.75
455,Utilitarian,Category,6.0
456,Symbolic,Category,-3.25
456,Utilitarian,Category,4.0
457,Symbolic,Brand,-3.5
457,Utilitarian,Brand,5.75
458,Symbolic,Category,-2.25
458,Utilitarian,Category,3.75
459,Symbolic,Category,-3.0
459,Utilitarian,Category,6.0
46,Symbolic,Brand,-3.25
46,Utilitarian,Brand,2.75
460,Symbolic,Category,-5.0
460,Utilitarian,Category,3.25
461,Symbolic,Brand,-0.25
461,Utilitarian,Brand,-0.25
462,Symbolic,Category,-2.0
462,Utilitarian,Category,3.75
463,Symbolic,Category,-3.75
463,Utilitarian,Category,2.25
464,Symbolic,Brand,-3.5
464,Utilitarian,Brand,2.5
465,Symbolic,Category,-1.0
465,Utilitarian,Category,0.75
466,Symbolic,Brand,-3.75
466,Utilitarian,Brand,6.0
467,Symbolic,Category,-3.0
467,Utilitarian,Category,6.0
468,Symbolic,Category,-1.0
468,Utilitarian,Category,3.25
469,Symbolic,Category,-3.25
469,Utilitarian,Category,4.0
47,Symbolic,Brand,-3.75
47,Utilitarian,Brand,4.5
470,Symbolic,Brand,-1.5
470,Utilitarian,Brand,6.0
471,Symbolic,Category,-3.5
471,Utilitarian,Category,6.0
472,Symbolic,Category,-3.75
472,Utilitarian,Category,5.75
473,Symbolic,Brand,-3.0
473,Utilitarian,Brand,6.0
474,Symbolic,Brand,0.25
474,Utilitarian,Brand,2.25
475,Symbolic,Category,-4.5
475,Utilitarian,Category,6.0
476,Symbolic,Category,-1.25
476,Utilitarian,Category,5.25
477,Symbolic,Category,-2.75
477,Utilitarian,Category,0.25
478,Symbolic,Category,-1.5
478,Utilitarian,Category,3.25
479,Symbolic,Brand,-2.5
479,Utilitarian,Brand,4.75
48,Symbolic,Brand,-2.0
48,Utilitarian,Brand,3.0
480,Symbolic,Category,-2.25
480,Utilitarian,Category,2.5
481,Symbolic,Brand,-2.75
481,Utilitarian,Brand,5.0
482,Symbolic,Category,0.0
482,Utilitarian,Category,0.5
483,Symbolic,Brand,-2.0
483,Utilitarian,Brand,3.75
484,Symbolic,Category,-2.0
484,Utilitarian,Category,3.75
485,Symbolic,Category,-1.75
485,Utilitarian,Category,5.75
486,Symbolic,Category,-1.25
486,Utilitarian,Category,3.75
487,Symbolic,Brand,-0.75
487,Utilitarian,Brand,1.5
488,Symbolic,Category,-4.0
488,Utilitarian,Category,3.0
489,Symbolic,Brand,0.75
489,Utilitarian,Brand,0.25
49,Symbolic,Brand,-2.25
49,Utilitarian,Brand,5.0
490,Symbolic,Category,-0.75
490,Utilitarian,Category,0.0
491,Symbolic,Category,-2.0
491,Utilitarian,Category,1.25
492,Symbolic,Category,-3.0
492,Utilitarian,Category,5.0
493,Symbolic,Category,-2.5
493,Utilitarian,Category,5.25
494,Symbolic,Brand,-2.5
494,Utilitarian,Brand,5.5
495,Symbolic,Category,0.0
495,Utilitarian,Category,6.0
496,Symbolic,Brand,-1.25
496,Utilitarian,Brand,4.0
497,Symbolic,Category,-0.75
497,Utilitarian,Category,1.5
498,Symbolic,Category,0.5
498,Utilitarian,Category,0.0
499,Symbolic,Category,-3.25
499,Utilitarian,Category,5.5
5,Symbolic,Brand,-3.25
5,Utilitarian,Brand,6.0
50,Symbolic,Brand,-2.0
50,Utilitarian,Brand,4.75
500,Symbolic,Category,-4.5
500,Utilitarian,Category,6.0
501,Symbolic,Brand,-2.5
501,Utilitarian,Brand,5.25
502,Symbolic,Brand,-5.75
502,Utilitarian,Brand,6.0
503,Symbolic,Category,-4.25
503,Utilitarian,Category,6.0
504,Symbolic,Category,-0.25
504,Utilitarian,Category,2.75
505,Symbolic,Category,-4.5
505,Utilitarian,Category,6.0
506,Symbolic,Category,-2.5
506,Utilitarian,Category,4.25
507,Symbolic,Category,-1.5
507,Utilitarian,Category,3.0
508,Symbolic,Category,-4.25
508,Utilitarian,Category,6.0
509,Symbolic,Brand,-3.5
509,Utilitarian,Brand,6.0
51,Symbolic,Brand,-2.75
51,Utilitarian,Brand,6.0
510,Symbolic,Brand,-3.0
510,Utilitarian,Brand,6.0
511,Symbolic,Brand,-3.5
511,Utilitarian,Brand,4.75
512,Symbolic,Category,-2.25
512,Utilitarian,Category,2.25
513,Symbolic,Brand,-3.0
513,Utilitarian,Brand,5.75
514,Symbolic,Category,-2.0
514,Utilitarian,Category,3.75
515,Symbolic,Category,-3.25
515,Utilitarian,Category,5.0
516,Symbolic,Category,-4.25
516,Utilitarian,Category,6.0
517,Symbolic,Category,-2.5
517,Utilitarian,Category,6.0
518,Symbolic,Category,-5.0
518,Utilitarian,Category,6.0
519,Symbolic,Brand,-1.5
519,Utilitarian,Brand,2.75
52,Symbolic,Brand,-2.0
52,Utilitarian,Brand,4.25
520,Symbolic,Brand,-0.75
520,Utilitarian,Brand,5.75
521,Symbolic,Category,-4.25
521,Utilitarian,Category,5.0
522,Symbolic,Category,-5.0
522,Utilitarian,Category,4.0
523,Symbolic,Category,-2.25
523,Utilitarian,Category,6.0
524,Symbolic,Category,-2.5
524,Utilitarian,Category,1.0
525,Symbolic,Brand,-1.0
525,Utilitarian,Brand,1.0
526,Symbolic,Brand,-3.0
526,Utilitarian,Brand,5.25
527,Symbolic,Category,-2.0
527,Utilitarian,Category,5.25
528,Symbolic,Brand,-2.25
528,Utilitarian,Brand,0.75
529,Symbolic,Brand,-3.0
529,Utilitarian,Brand,1.5
53,Symbolic,Brand,-0.5
53,Utilitarian,Brand,0.5
530,Symbolic,Brand,-5.25
530,Utilitarian,Brand,2.0
531,Symbolic,Brand,-0.5
531,Utilitarian,Brand,-0.25
532,Symbolic,Category,-2.25
532,Utilitarian,Category,2.25
533,Symbolic,Category,0.0
533,Utilitarian,Category,0.0
534,Symbolic,Brand,-2.25
534,Utilitarian,Brand,3.25
535,Symbolic,Brand,-2.25
535,Utilitarian,Brand,6.0
536,Symbolic,Category,-3.5
536,Utilitarian,Category,3.25
537,Symbolic,Brand,-1.25
537,Utilitarian,Brand,1.0
538,Symbolic,Category,-2.75
538,Utilitarian,Category,5.5
539,Symbolic,Category,-2.5
539,Utilitarian,Category,4.25
54,Symbolic,Brand,-3.0
54,Utilitarian,Brand,3.25
540,Symbolic,Brand,-4.75
540,Utilitarian,Brand,1.5
541,Symbolic,Brand,-1.5
541,Utilitarian,Brand,2.5
542,Symbolic,Brand,-0.5
542,Utilitarian,Brand,1.25
543,Symbolic,Category,-2.5
543,Utilitarian,Category,6.0
544,Symbolic,Category,-3.25
544,Utilitarian,Category,6.0
545,Symbolic,Category,-3.25
545,Utilitarian,Category,4.5
546,Symbolic,Brand,-0.75
546,Utilitarian,Brand,4.25
547,Symbolic,Brand,-3.5
547,Utilitarian,Brand,3.25
548,Symbolic,Category,-3.75
548,Utilitarian,Category,5.75
549,Symbolic,Category,-1.25
549,Utilitarian,Category,4.0
55,Symbolic,Brand,0.25
55,Utilitarian,Brand,2.0
550,Symbolic,Brand,-1.5
550,Utilitarian,Brand,4.5
551,Symbolic,Category,-3.75
551,Utilitarian,Category,3.75
552,Symbolic,Category,-3.0
552,Utilitarian,Category,1.0
553,Symbolic,Category,-3.25
553,Utilitarian,Category,3.75
554,Symbolic,Brand,-2.0
554,Utilitarian,Brand,4.5
555,Symbolic,Brand,-2.5
555,Utilitarian,Brand,6.0
556,Symbolic,Category,-2.0
556,Utilitarian,Category,2.25
557,Symbolic,Brand,-2.25
557,Utilitarian,Brand,2.75
56,Symbolic,Brand,-1.0
56,Utilitarian,Brand,6.0
57,Symbolic,Brand,-2.25
57,Utilitarian,Brand,5.25
58,Symbolic,Brand,-2.75
58,Utilitarian,Brand,1.0
59,Symbolic,Brand,-1.25
59,Utilitarian,Brand,2.0
6,Symbolic,Brand,0.25
6,Utilitarian,Brand,0.0
60,Symbolic,Brand,-2.0
60,Utilitarian,Brand,3.75
61,Symbolic,Brand,-2.75
61,Utilitarian,Brand,4.5
62,Symbolic,Brand,-3.0
62,Utilitarian,Brand,3.5
63,Symbolic,Brand,-3.25
63,Utilitarian,Brand,4.5
64,Symbolic,Brand,-4.25
64,Utilitarian,Brand,3.25
65,Symbolic,Brand,-1.0
65,Utilitarian,Brand,4.0
66,Symbolic,Brand,-0.5
66,Utilitarian,Brand,2.0
67,Symbolic,Brand,-0.75
67,Utilitarian,Brand,1.75
68,Symbolic,Brand,-3.5
68,Utilitarian,Brand,3.0
69,Symbolic,Brand,-3.0
69,Utilitarian,Brand,3.0
7,Symbolic,Brand,-2.75
7,Utilitarian,Brand,4.75
70,Symbolic,Brand,-2.5
70,Utilitarian,Brand,3.0
71,Symbolic,Brand,-0.75
71,Utilitarian,Brand,3.0
72,Symbolic,Brand,-2.0
72,Utilitarian,Brand,4.0
73,Symbolic,Brand,-3.0
73,Utilitarian,Brand,4.75
74,Symbolic,Brand,-1.25
74,Utilitarian,Brand,2.0
75,Symbolic,Brand,-3.25
75,Utilitarian,Brand,3.5
76,Symbolic,Brand,-3.25
76,Utilitarian,Brand,5.75
77,Symbolic,Brand,-3.75
77,Utilitarian,Brand,6.0
78,Symbolic,Brand,-2.75
78,Utilitarian,Brand,1.25
79,Symbolic,Brand,0.0
79,Utilitarian,Brand,1.75
8,Symbolic,Brand,-5.0
8,Utilitarian,Brand,5.0
80,Symbolic,Brand,-1.0
80,Utilitarian,Brand,5.0
81,Symbolic,Brand,-0.75
81,Utilitarian,Brand,1.0
82,Symbolic,Brand,-4.75
82,Utilitarian,Brand,5.5
83,Symbolic,Brand,0.25
83,Utilitarian,Brand,3.0
84,Symbolic,Brand,-2.5
84,Utilitarian,Brand,0.75
85,Symbolic,Brand,-3.0
85,Utilitarian,Brand,2.25
86,Symbolic,Brand,-1.25
86,Utilitarian,Brand,4.25
87,Symbolic,Brand,-2.5
87,Utilitarian,Brand,3.5
88,Symbolic,Brand,-3.0
88,Utilitarian,Brand,4.5
89,Symbolic,Brand,-1.5
89,Utilitarian,Brand,2.25
9,Symbolic,Brand,-0.25
9,Utilitarian,Brand,0.5
90,Symbolic,Brand,-2.25
90,Utilitarian,Brand,3.5
91,Symbolic,Brand,-2.75
91,Utilitarian,Brand,6.0
92,Symbolic,Brand,-5.0
92,Utilitarian,Brand,6.0
93,Symbolic,Brand,-1.25
93,Utilitarian,Brand,3.5
94,Symbolic,Brand,-2.0
94,Utilitarian,Brand,5.0
95,Symbolic,Brand,-5.5
95,Utilitarian,Brand,6.0
96,Symbolic,Brand,-4.25
96,Utilitarian,Brand,4.5
97,Symbolic,Brand,-3.5
97,Utilitarian,Brand,5.25
98,Symbolic,Brand,-0.25
98,Utilitarian,Brand,-1.75
99,Symbolic,Brand,0.0
99,Utilitarian,Brand,1.75
