Variable Name,Variable,Measurement,Allowed Values,Description,choice1,choice2,choice3,choice4,choice5,choice6,choice7,,,,,,
session,Session ID,Character,Any,This value is automatically generated in formr to indicate a specific participant session. ,,,,,,,,,,,,,
created,Date Time Session Created,Date,Date %m/%d/%Y %H:%M,This value represents the time that they opened the survey in American New York Time.,,,,,,,,,,,,,
modified,Date Time Session Modified,Date,Date %m/%d/%Y %H:%M,This value represents the last time they edited/entered an answer on the survey in American New York Time.,,,,,,,,,,,,,
ended,Date Time Session Ended,Date,Date %m/%d/%Y %H:%M,This value represents the time they completed or ended the survey in American New York Time.,,,,,,,,,,,,,
expired,Date Time Session Expired,Date,Date %m/%d/%Y %H:%M,This value represents when the session time expired in American New York Time.,,,,,,,,,,,,,
pic126_disturbing,Pic Disturbing,Integer,"1 to 7, rescaled 0 to 6 in code",How disturbing do you find this comic?,0 Not at all disturbing,1,2,3,4,5,6 Very disturbing,,,,,,
pic127_disturbing,Pic Disturbing,Integer,"1 to 7, rescaled 0 to 6 in code",How disturbing do you find this comic?,0 Not at all disturbing,1,2,3,4,5,6 Very disturbing,,,,,,
pic128_disturbing,Pic Disturbing,Integer,"1 to 7, rescaled 0 to 6 in code",How disturbing do you find this comic?,0 Not at all disturbing,1,2,3,4,5,6 Very disturbing,,,,,,
pic129_disturbing,Pic Disturbing,Integer,"1 to 7, rescaled 0 to 6 in code",How disturbing do you find this comic?,0 Not at all disturbing,1,2,3,4,5,6 Very disturbing,,,,,,
pic13_disturbing,Pic Disturbing,Integer,"1 to 7, rescaled 0 to 6 in code",How disturbing do you find this comic?,0 Not at all disturbing,1,2,3,4,5,6 Very disturbing,,,,,,
pic130_disturbing,Pic Disturbing,Integer,"1 to 7, rescaled 0 to 6 in code",How disturbing do you find this comic?,0 Not at all disturbing,1,2,3,4,5,6 Very disturbing,,,,,,
pic131_disturbing,Pic Disturbing,Integer,"1 to 7, rescaled 0 to 6 in code",How disturbing do you find this comic?,0 Not at all disturbing,1,2,3,4,5,6 Very disturbing,,,,,,
pic132_disturbing,Pic Disturbing,Integer,"1 to 7, rescaled 0 to 6 in code",How disturbing do you find this comic?,0 Not at all disturbing,1,2,3,4,5,6 Very disturbing,,,,,,
pic133_disturbing,Pic Disturbing,Integer,"1 to 7, rescaled 0 to 6 in code",How disturbing do you find this comic?,0 Not at all disturbing,1,2,3,4,5,6 Very disturbing,,,,,,
pic134_disturbing,Pic Disturbing,Integer,"1 to 7, rescaled 0 to 6 in code",How disturbing do you find this comic?,0 Not at all disturbing,1,2,3,4,5,6 Very disturbing,,,,,,
pic135_disturbing,Pic Disturbing,Integer,"1 to 7, rescaled 0 to 6 in code",How disturbing do you find this comic?,0 Not at all disturbing,1,2,3,4,5,6 Very disturbing,,,,,,
pic136_disturbing,Pic Disturbing,Integer,"1 to 7, rescaled 0 to 6 in code",How disturbing do you find this comic?,0 Not at all disturbing,1,2,3,4,5,6 Very disturbing,,,,,,
pic137_disturbing,Pic Disturbing,Integer,"1 to 7, rescaled 0 to 6 in code",How disturbing do you find this comic?,0 Not at all disturbing,1,2,3,4,5,6 Very disturbing,,,,,,
pic138_disturbing,Pic Disturbing,Integer,"1 to 7, rescaled 0 to 6 in code",How disturbing do you find this comic?,0 Not at all disturbing,1,2,3,4,5,6 Very disturbing,,,,,,
pic139_disturbing,Pic Disturbing,Integer,"1 to 7, rescaled 0 to 6 in code",How disturbing do you find this comic?,0 Not at all disturbing,1,2,3,4,5,6 Very disturbing,,,,,,
pic14_disturbing,Pic Disturbing,Integer,"1 to 7, rescaled 0 to 6 in code",How disturbing do you find this comic?,0 Not at all disturbing,1,2,3,4,5,6 Very disturbing,,,,,,
pic140_disturbing,Pic Disturbing,Integer,"1 to 7, rescaled 0 to 6 in code",How disturbing do you find this comic?,0 Not at all disturbing,1,2,3,4,5,6 Very disturbing,,,,,,
pic141_disturbing,Pic Disturbing,Integer,"1 to 7, rescaled 0 to 6 in code",How disturbing do you find this comic?,0 Not at all disturbing,1,2,3,4,5,6 Very disturbing,,,,,,
pic142_disturbing,Pic Disturbing,Integer,"1 to 7, rescaled 0 to 6 in code",How disturbing do you find this comic?,0 Not at all disturbing,1,2,3,4,5,6 Very disturbing,,,,,,
pic143_disturbing,Pic Disturbing,Integer,"1 to 7, rescaled 0 to 6 in code",How disturbing do you find this comic?,0 Not at all disturbing,1,2,3,4,5,6 Very disturbing,,,,,,
pic144_disturbing,Pic Disturbing,Integer,"1 to 7, rescaled 0 to 6 in code",How disturbing do you find this comic?,0 Not at all disturbing,1,2,3,4,5,6 Very disturbing,,,,,,
pic145_disturbing,Pic Disturbing,Integer,"1 to 7, rescaled 0 to 6 in code",How disturbing do you find this comic?,0 Not at all disturbing,1,2,3,4,5,6 Very disturbing,,,,,,
pic146_disturbing,Pic Disturbing,Integer,"1 to 7, rescaled 0 to 6 in code",How disturbing do you find this comic?,0 Not at all disturbing,1,2,3,4,5,6 Very disturbing,,,,,,
pic147_disturbing,Pic Disturbing,Integer,"1 to 7, rescaled 0 to 6 in code",How disturbing do you find this comic?,0 Not at all disturbing,1,2,3,4,5,6 Very disturbing,,,,,,
pic148_disturbing,Pic Disturbing,Integer,"1 to 7, rescaled 0 to 6 in code",How disturbing do you find this comic?,0 Not at all disturbing,1,2,3,4,5,6 Very disturbing,,,,,,
pic149_disturbing,Pic Disturbing,Integer,"1 to 7, rescaled 0 to 6 in code",How disturbing do you find this comic?,0 Not at all disturbing,1,2,3,4,5,6 Very disturbing,,,,,,
pic15_disturbing,Pic Disturbing,Integer,"1 to 7, rescaled 0 to 6 in code",How disturbing do you find this comic?,0 Not at all disturbing,1,2,3,4,5,6 Very disturbing,,,,,,
pic150_disturbing,Pic Disturbing,Integer,"1 to 7, rescaled 0 to 6 in code",How disturbing do you find this comic?,0 Not at all disturbing,1,2,3,4,5,6 Very disturbing,,,,,,
pic151_disturbing,Pic Disturbing,Integer,"1 to 7, rescaled 0 to 6 in code",How disturbing do you find this comic?,0 Not at all disturbing,1,2,3,4,5,6 Very disturbing,,,,,,
pic152_disturbing,Pic Disturbing,Integer,"1 to 7, rescaled 0 to 6 in code",How disturbing do you find this comic?,0 Not at all disturbing,1,2,3,4,5,6 Very disturbing,,,,,,
pic153_disturbing,Pic Disturbing,Integer,"1 to 7, rescaled 0 to 6 in code",How disturbing do you find this comic?,0 Not at all disturbing,1,2,3,4,5,6 Very disturbing,,,,,,
pic154_disturbing,Pic Disturbing,Integer,"1 to 7, rescaled 0 to 6 in code",How disturbing do you find this comic?,0 Not at all disturbing,1,2,3,4,5,6 Very disturbing,,,,,,
pic155_disturbing,Pic Disturbing,Integer,"1 to 7, rescaled 0 to 6 in code",How disturbing do you find this comic?,0 Not at all disturbing,1,2,3,4,5,6 Very disturbing,,,,,,
pic156_disturbing,Pic Disturbing,Integer,"1 to 7, rescaled 0 to 6 in code",How disturbing do you find this comic?,0 Not at all disturbing,1,2,3,4,5,6 Very disturbing,,,,,,
pic157_disturbing,Pic Disturbing,Integer,"1 to 7, rescaled 0 to 6 in code",How disturbing do you find this comic?,0 Not at all disturbing,1,2,3,4,5,6 Very disturbing,,,,,,
pic158_disturbing,Pic Disturbing,Integer,"1 to 7, rescaled 0 to 6 in code",How disturbing do you find this comic?,0 Not at all disturbing,1,2,3,4,5,6 Very disturbing,,,,,,
pic159_disturbing,Pic Disturbing,Integer,"1 to 7, rescaled 0 to 6 in code",How disturbing do you find this comic?,0 Not at all disturbing,1,2,3,4,5,6 Very disturbing,,,,,,
pic16_disturbing,Pic Disturbing,Integer,"1 to 7, rescaled 0 to 6 in code",How disturbing do you find this comic?,0 Not at all disturbing,1,2,3,4,5,6 Very disturbing,,,,,,
pic160_disturbing,Pic Disturbing,Integer,"1 to 7, rescaled 0 to 6 in code",How disturbing do you find this comic?,0 Not at all disturbing,1,2,3,4,5,6 Very disturbing,,,,,,
pic161_disturbing,Pic Disturbing,Integer,"1 to 7, rescaled 0 to 6 in code",How disturbing do you find this comic?,0 Not at all disturbing,1,2,3,4,5,6 Very disturbing,,,,,,
pic162_disturbing,Pic Disturbing,Integer,"1 to 7, rescaled 0 to 6 in code",How disturbing do you find this comic?,0 Not at all disturbing,1,2,3,4,5,6 Very disturbing,,,,,,
pic163_disturbing,Pic Disturbing,Integer,"1 to 7, rescaled 0 to 6 in code",How disturbing do you find this comic?,0 Not at all disturbing,1,2,3,4,5,6 Very disturbing,,,,,,
pic164_disturbing,Pic Disturbing,Integer,"1 to 7, rescaled 0 to 6 in code",How disturbing do you find this comic?,0 Not at all disturbing,1,2,3,4,5,6 Very disturbing,,,,,,
pic165_disturbing,Pic Disturbing,Integer,"1 to 7, rescaled 0 to 6 in code",How disturbing do you find this comic?,0 Not at all disturbing,1,2,3,4,5,6 Very disturbing,,,,,,
age,Demographics - Age,Integer,"1920, 2002",What is your year of birth?,,,,,,,,,,,,,
pic166_disturbing,Pic Disturbing,Integer,"1 to 7, rescaled 0 to 6 in code",How disturbing do you find this comic?,0 Not at all disturbing,1,2,3,4,5,6 Very disturbing,,,,,,
pic167_disturbing,Pic Disturbing,Integer,"1 to 7, rescaled 0 to 6 in code",How disturbing do you find this comic?,0 Not at all disturbing,1,2,3,4,5,6 Very disturbing,,,,,,
pic168_disturbing,Pic Disturbing,Integer,"1 to 7, rescaled 0 to 6 in code",How disturbing do you find this comic?,0 Not at all disturbing,1,2,3,4,5,6 Very disturbing,,,,,,
pic169_disturbing,Pic Disturbing,Integer,"1 to 7, rescaled 0 to 6 in code",How disturbing do you find this comic?,0 Not at all disturbing,1,2,3,4,5,6 Very disturbing,,,,,,
pic17_disturbing,Pic Disturbing,Integer,"1 to 7, rescaled 0 to 6 in code",How disturbing do you find this comic?,0 Not at all disturbing,1,2,3,4,5,6 Very disturbing,,,,,,
pic170_disturbing,Pic Disturbing,Integer,"1 to 7, rescaled 0 to 6 in code",How disturbing do you find this comic?,0 Not at all disturbing,1,2,3,4,5,6 Very disturbing,,,,,,
pic171_disturbing,Pic Disturbing,Integer,"1 to 7, rescaled 0 to 6 in code",How disturbing do you find this comic?,0 Not at all disturbing,1,2,3,4,5,6 Very disturbing,,,,,,
pic172_disturbing,Pic Disturbing,Integer,"1 to 7, rescaled 0 to 6 in code",How disturbing do you find this comic?,0 Not at all disturbing,1,2,3,4,5,6 Very disturbing,,,,,,
pic173_disturbing,Pic Disturbing,Integer,"1 to 7, rescaled 0 to 6 in code",How disturbing do you find this comic?,0 Not at all disturbing,1,2,3,4,5,6 Very disturbing,,,,,,
pic174_disturbing,Pic Disturbing,Integer,"1 to 7, rescaled 0 to 6 in code",How disturbing do you find this comic?,0 Not at all disturbing,1,2,3,4,5,6 Very disturbing,,,,,,
pic1_disturbing,Pic Disturbing,Integer,"1 to 7, rescaled 0 to 6 in code",How disturbing do you find this comic?,0 Not at all disturbing,1,2,3,4,5,6 Very disturbing,,,,,,
pic10_disturbing,Pic Disturbing,Integer,"1 to 7, rescaled 0 to 6 in code",How disturbing do you find this comic?,0 Not at all disturbing,1,2,3,4,5,6 Very disturbing,,,,,,
pic175_disturbing,Pic Disturbing,Integer,"1 to 7, rescaled 0 to 6 in code",How disturbing do you find this comic?,0 Not at all disturbing,1,2,3,4,5,6 Very disturbing,,,,,,
pic100_disturbing,Pic Disturbing,Integer,"1 to 7, rescaled 0 to 6 in code",How disturbing do you find this comic?,0 Not at all disturbing,1,2,3,4,5,6 Very disturbing,,,,,,
pic176_disturbing,Pic Disturbing,Integer,"1 to 7, rescaled 0 to 6 in code",How disturbing do you find this comic?,0 Not at all disturbing,1,2,3,4,5,6 Very disturbing,,,,,,
pic101_disturbing,Pic Disturbing,Integer,"1 to 7, rescaled 0 to 6 in code",How disturbing do you find this comic?,0 Not at all disturbing,1,2,3,4,5,6 Very disturbing,,,,,,
pic177_disturbing,Pic Disturbing,Integer,"1 to 7, rescaled 0 to 6 in code",How disturbing do you find this comic?,0 Not at all disturbing,1,2,3,4,5,6 Very disturbing,,,,,,
pic102_disturbing,Pic Disturbing,Integer,"1 to 7, rescaled 0 to 6 in code",How disturbing do you find this comic?,0 Not at all disturbing,1,2,3,4,5,6 Very disturbing,,,,,,
pic178_disturbing,Pic Disturbing,Integer,"1 to 7, rescaled 0 to 6 in code",How disturbing do you find this comic?,0 Not at all disturbing,1,2,3,4,5,6 Very disturbing,,,,,,
pic103_disturbing,Pic Disturbing,Integer,"1 to 7, rescaled 0 to 6 in code",How disturbing do you find this comic?,0 Not at all disturbing,1,2,3,4,5,6 Very disturbing,,,,,,
pic179_disturbing,Pic Disturbing,Integer,"1 to 7, rescaled 0 to 6 in code",How disturbing do you find this comic?,0 Not at all disturbing,1,2,3,4,5,6 Very disturbing,,,,,,
pic104_disturbing,Pic Disturbing,Integer,"1 to 7, rescaled 0 to 6 in code",How disturbing do you find this comic?,0 Not at all disturbing,1,2,3,4,5,6 Very disturbing,,,,,,
pic18_disturbing,Pic Disturbing,Integer,"1 to 7, rescaled 0 to 6 in code",How disturbing do you find this comic?,0 Not at all disturbing,1,2,3,4,5,6 Very disturbing,,,,,,
pic105_disturbing,Pic Disturbing,Integer,"1 to 7, rescaled 0 to 6 in code",How disturbing do you find this comic?,0 Not at all disturbing,1,2,3,4,5,6 Very disturbing,,,,,,
pic180_disturbing,Pic Disturbing,Integer,"1 to 7, rescaled 0 to 6 in code",How disturbing do you find this comic?,0 Not at all disturbing,1,2,3,4,5,6 Very disturbing,,,,,,
pic106_disturbing,Pic Disturbing,Integer,"1 to 7, rescaled 0 to 6 in code",How disturbing do you find this comic?,0 Not at all disturbing,1,2,3,4,5,6 Very disturbing,,,,,,
pic181_disturbing,Pic Disturbing,Integer,"1 to 7, rescaled 0 to 6 in code",How disturbing do you find this comic?,0 Not at all disturbing,1,2,3,4,5,6 Very disturbing,,,,,,
pic107_disturbing,Pic Disturbing,Integer,"1 to 7, rescaled 0 to 6 in code",How disturbing do you find this comic?,0 Not at all disturbing,1,2,3,4,5,6 Very disturbing,,,,,,
pic182_disturbing,Pic Disturbing,Integer,"1 to 7, rescaled 0 to 6 in code",How disturbing do you find this comic?,0 Not at all disturbing,1,2,3,4,5,6 Very disturbing,,,,,,
pic108_disturbing,Pic Disturbing,Integer,"1 to 7, rescaled 0 to 6 in code",How disturbing do you find this comic?,0 Not at all disturbing,1,2,3,4,5,6 Very disturbing,,,,,,
pic183_disturbing,Pic Disturbing,Integer,"1 to 7, rescaled 0 to 6 in code",How disturbing do you find this comic?,0 Not at all disturbing,1,2,3,4,5,6 Very disturbing,,,,,,
pic109_disturbing,Pic Disturbing,Integer,"1 to 7, rescaled 0 to 6 in code",How disturbing do you find this comic?,0 Not at all disturbing,1,2,3,4,5,6 Very disturbing,,,,,,
pic184_disturbing,Pic Disturbing,Integer,"1 to 7, rescaled 0 to 6 in code",How disturbing do you find this comic?,0 Not at all disturbing,1,2,3,4,5,6 Very disturbing,,,,,,
pic185_disturbing,Pic Disturbing,Integer,"1 to 7, rescaled 0 to 6 in code",How disturbing do you find this comic?,0 Not at all disturbing,1,2,3,4,5,6 Very disturbing,,,,,,
pic11_disturbing,Pic Disturbing,Integer,"1 to 7, rescaled 0 to 6 in code",How disturbing do you find this comic?,0 Not at all disturbing,1,2,3,4,5,6 Very disturbing,,,,,,
pic110_disturbing,Pic Disturbing,Integer,"1 to 7, rescaled 0 to 6 in code",How disturbing do you find this comic?,0 Not at all disturbing,1,2,3,4,5,6 Very disturbing,,,,,,
pic111_disturbing,Pic Disturbing,Integer,"1 to 7, rescaled 0 to 6 in code",How disturbing do you find this comic?,0 Not at all disturbing,1,2,3,4,5,6 Very disturbing,,,,,,
pic112_disturbing,Pic Disturbing,Integer,"1 to 7, rescaled 0 to 6 in code",How disturbing do you find this comic?,0 Not at all disturbing,1,2,3,4,5,6 Very disturbing,,,,,,
pic113_disturbing,Pic Disturbing,Integer,"1 to 7, rescaled 0 to 6 in code",How disturbing do you find this comic?,0 Not at all disturbing,1,2,3,4,5,6 Very disturbing,,,,,,
pic114_disturbing,Pic Disturbing,Integer,"1 to 7, rescaled 0 to 6 in code",How disturbing do you find this comic?,0 Not at all disturbing,1,2,3,4,5,6 Very disturbing,,,,,,
pic115_disturbing,Pic Disturbing,Integer,"1 to 7, rescaled 0 to 6 in code",How disturbing do you find this comic?,0 Not at all disturbing,1,2,3,4,5,6 Very disturbing,,,,,,
pic116_disturbing,Pic Disturbing,Integer,"1 to 7, rescaled 0 to 6 in code",How disturbing do you find this comic?,0 Not at all disturbing,1,2,3,4,5,6 Very disturbing,,,,,,
pic117_disturbing,Pic Disturbing,Integer,"1 to 7, rescaled 0 to 6 in code",How disturbing do you find this comic?,0 Not at all disturbing,1,2,3,4,5,6 Very disturbing,,,,,,
pic118_disturbing,Pic Disturbing,Integer,"1 to 7, rescaled 0 to 6 in code",How disturbing do you find this comic?,0 Not at all disturbing,1,2,3,4,5,6 Very disturbing,,,,,,
pic119_disturbing,Pic Disturbing,Integer,"1 to 7, rescaled 0 to 6 in code",How disturbing do you find this comic?,0 Not at all disturbing,1,2,3,4,5,6 Very disturbing,,,,,,
pic12_disturbing,Pic Disturbing,Integer,"1 to 7, rescaled 0 to 6 in code",How disturbing do you find this comic?,0 Not at all disturbing,1,2,3,4,5,6 Very disturbing,,,,,,
pic120_disturbing,Pic Disturbing,Integer,"1 to 7, rescaled 0 to 6 in code",How disturbing do you find this comic?,0 Not at all disturbing,1,2,3,4,5,6 Very disturbing,,,,,,
pic121_disturbing,Pic Disturbing,Integer,"1 to 7, rescaled 0 to 6 in code",How disturbing do you find this comic?,0 Not at all disturbing,1,2,3,4,5,6 Very disturbing,,,,,,
pic122_disturbing,Pic Disturbing,Integer,"1 to 7, rescaled 0 to 6 in code",How disturbing do you find this comic?,0 Not at all disturbing,1,2,3,4,5,6 Very disturbing,,,,,,
pic123_disturbing,Pic Disturbing,Integer,"1 to 7, rescaled 0 to 6 in code",How disturbing do you find this comic?,0 Not at all disturbing,1,2,3,4,5,6 Very disturbing,,,,,,
pic124_disturbing,Pic Disturbing,Integer,"1 to 7, rescaled 0 to 6 in code",How disturbing do you find this comic?,0 Not at all disturbing,1,2,3,4,5,6 Very disturbing,,,,,,
pic125_disturbing,Pic Disturbing,Integer,"1 to 7, rescaled 0 to 6 in code",How disturbing do you find this comic?,0 Not at all disturbing,1,2,3,4,5,6 Very disturbing,,,,,,
pic125_funny,Pic Funny,Integer,"1 to 7, rescaled 0 to 6 in code",How funny do you find this comic?,0 Not at all funny,1,2,3,4,5,6 Very funny,,,,,,
pic126_funny,Pic Funny,Integer,"1 to 7, rescaled 0 to 6 in code",How funny do you find this comic?,0 Not at all funny,1,2,3,4,5,6 Very funny,,,,,,
pic127_funny,Pic Funny,Integer,"1 to 7, rescaled 0 to 6 in code",How funny do you find this comic?,0 Not at all funny,1,2,3,4,5,6 Very funny,,,,,,
pic128_funny,Pic Funny,Integer,"1 to 7, rescaled 0 to 6 in code",How funny do you find this comic?,0 Not at all funny,1,2,3,4,5,6 Very funny,,,,,,
pic129_funny,Pic Funny,Integer,"1 to 7, rescaled 0 to 6 in code",How funny do you find this comic?,0 Not at all funny,1,2,3,4,5,6 Very funny,,,,,,
pic13_funny,Pic Funny,Integer,"1 to 7, rescaled 0 to 6 in code",How funny do you find this comic?,0 Not at all funny,1,2,3,4,5,6 Very funny,,,,,,
pic130_funny,Pic Funny,Integer,"1 to 7, rescaled 0 to 6 in code",How funny do you find this comic?,0 Not at all funny,1,2,3,4,5,6 Very funny,,,,,,
pic131_funny,Pic Funny,Integer,"1 to 7, rescaled 0 to 6 in code",How funny do you find this comic?,0 Not at all funny,1,2,3,4,5,6 Very funny,,,,,,
pic132_funny,Pic Funny,Integer,"1 to 7, rescaled 0 to 6 in code",How funny do you find this comic?,0 Not at all funny,1,2,3,4,5,6 Very funny,,,,,,
pic133_funny,Pic Funny,Integer,"1 to 7, rescaled 0 to 6 in code",How funny do you find this comic?,0 Not at all funny,1,2,3,4,5,6 Very funny,,,,,,
pic134_funny,Pic Funny,Integer,"1 to 7, rescaled 0 to 6 in code",How funny do you find this comic?,0 Not at all funny,1,2,3,4,5,6 Very funny,,,,,,
pic135_funny,Pic Funny,Integer,"1 to 7, rescaled 0 to 6 in code",How funny do you find this comic?,0 Not at all funny,1,2,3,4,5,6 Very funny,,,,,,
pic136_funny,Pic Funny,Integer,"1 to 7, rescaled 0 to 6 in code",How funny do you find this comic?,0 Not at all funny,1,2,3,4,5,6 Very funny,,,,,,
pic137_funny,Pic Funny,Integer,"1 to 7, rescaled 0 to 6 in code",How funny do you find this comic?,0 Not at all funny,1,2,3,4,5,6 Very funny,,,,,,
pic138_funny,Pic Funny,Integer,"1 to 7, rescaled 0 to 6 in code",How funny do you find this comic?,0 Not at all funny,1,2,3,4,5,6 Very funny,,,,,,
pic139_funny,Pic Funny,Integer,"1 to 7, rescaled 0 to 6 in code",How funny do you find this comic?,0 Not at all funny,1,2,3,4,5,6 Very funny,,,,,,
pic14_funny,Pic Funny,Integer,"1 to 7, rescaled 0 to 6 in code",How funny do you find this comic?,0 Not at all funny,1,2,3,4,5,6 Very funny,,,,,,
pic140_funny,Pic Funny,Integer,"1 to 7, rescaled 0 to 6 in code",How funny do you find this comic?,0 Not at all funny,1,2,3,4,5,6 Very funny,,,,,,
pic141_funny,Pic Funny,Integer,"1 to 7, rescaled 0 to 6 in code",How funny do you find this comic?,0 Not at all funny,1,2,3,4,5,6 Very funny,,,,,,
pic142_funny,Pic Funny,Integer,"1 to 7, rescaled 0 to 6 in code",How funny do you find this comic?,0 Not at all funny,1,2,3,4,5,6 Very funny,,,,,,
pic143_funny,Pic Funny,Integer,"1 to 7, rescaled 0 to 6 in code",How funny do you find this comic?,0 Not at all funny,1,2,3,4,5,6 Very funny,,,,,,
pic144_funny,Pic Funny,Integer,"1 to 7, rescaled 0 to 6 in code",How funny do you find this comic?,0 Not at all funny,1,2,3,4,5,6 Very funny,,,,,,
pic145_funny,Pic Funny,Integer,"1 to 7, rescaled 0 to 6 in code",How funny do you find this comic?,0 Not at all funny,1,2,3,4,5,6 Very funny,,,,,,
pic146_funny,Pic Funny,Integer,"1 to 7, rescaled 0 to 6 in code",How funny do you find this comic?,0 Not at all funny,1,2,3,4,5,6 Very funny,,,,,,
pic147_funny,Pic Funny,Integer,"1 to 7, rescaled 0 to 6 in code",How funny do you find this comic?,0 Not at all funny,1,2,3,4,5,6 Very funny,,,,,,
pic148_funny,Pic Funny,Integer,"1 to 7, rescaled 0 to 6 in code",How funny do you find this comic?,0 Not at all funny,1,2,3,4,5,6 Very funny,,,,,,
pic149_funny,Pic Funny,Integer,"1 to 7, rescaled 0 to 6 in code",How funny do you find this comic?,0 Not at all funny,1,2,3,4,5,6 Very funny,,,,,,
pic15_funny,Pic Funny,Integer,"1 to 7, rescaled 0 to 6 in code",How funny do you find this comic?,0 Not at all funny,1,2,3,4,5,6 Very funny,,,,,,
pic150_funny,Pic Funny,Integer,"1 to 7, rescaled 0 to 6 in code",How funny do you find this comic?,0 Not at all funny,1,2,3,4,5,6 Very funny,,,,,,
pic151_funny,Pic Funny,Integer,"1 to 7, rescaled 0 to 6 in code",How funny do you find this comic?,0 Not at all funny,1,2,3,4,5,6 Very funny,,,,,,
pic152_funny,Pic Funny,Integer,"1 to 7, rescaled 0 to 6 in code",How funny do you find this comic?,0 Not at all funny,1,2,3,4,5,6 Very funny,,,,,,
pic153_funny,Pic Funny,Integer,"1 to 7, rescaled 0 to 6 in code",How funny do you find this comic?,0 Not at all funny,1,2,3,4,5,6 Very funny,,,,,,
pic154_funny,Pic Funny,Integer,"1 to 7, rescaled 0 to 6 in code",How funny do you find this comic?,0 Not at all funny,1,2,3,4,5,6 Very funny,,,,,,
pic155_funny,Pic Funny,Integer,"1 to 7, rescaled 0 to 6 in code",How funny do you find this comic?,0 Not at all funny,1,2,3,4,5,6 Very funny,,,,,,
pic156_funny,Pic Funny,Integer,"1 to 7, rescaled 0 to 6 in code",How funny do you find this comic?,0 Not at all funny,1,2,3,4,5,6 Very funny,,,,,,
pic157_funny,Pic Funny,Integer,"1 to 7, rescaled 0 to 6 in code",How funny do you find this comic?,0 Not at all funny,1,2,3,4,5,6 Very funny,,,,,,
pic158_funny,Pic Funny,Integer,"1 to 7, rescaled 0 to 6 in code",How funny do you find this comic?,0 Not at all funny,1,2,3,4,5,6 Very funny,,,,,,
pic159_funny,Pic Funny,Integer,"1 to 7, rescaled 0 to 6 in code",How funny do you find this comic?,0 Not at all funny,1,2,3,4,5,6 Very funny,,,,,,
pic16_funny,Pic Funny,Integer,"1 to 7, rescaled 0 to 6 in code",How funny do you find this comic?,0 Not at all funny,1,2,3,4,5,6 Very funny,,,,,,
pic160_funny,Pic Funny,Integer,"1 to 7, rescaled 0 to 6 in code",How funny do you find this comic?,0 Not at all funny,1,2,3,4,5,6 Very funny,,,,,,
pic161_funny,Pic Funny,Integer,"1 to 7, rescaled 0 to 6 in code",How funny do you find this comic?,0 Not at all funny,1,2,3,4,5,6 Very funny,,,,,,
pic162_funny,Pic Funny,Integer,"1 to 7, rescaled 0 to 6 in code",How funny do you find this comic?,0 Not at all funny,1,2,3,4,5,6 Very funny,,,,,,
pic163_funny,Pic Funny,Integer,"1 to 7, rescaled 0 to 6 in code",How funny do you find this comic?,0 Not at all funny,1,2,3,4,5,6 Very funny,,,,,,
pic164_funny,Pic Funny,Integer,"1 to 7, rescaled 0 to 6 in code",How funny do you find this comic?,0 Not at all funny,1,2,3,4,5,6 Very funny,,,,,,
pic165_funny,Pic Funny,Integer,"1 to 7, rescaled 0 to 6 in code",How funny do you find this comic?,0 Not at all funny,1,2,3,4,5,6 Very funny,,,,,,
gender,Demographics - Gender,Integer,"1 or 2, see choices ",What is your gender?,Male,Female,,,,,,,,,,,
pic166_funny,Pic Funny,Integer,"1 to 7, rescaled 0 to 6 in code",How funny do you find this comic?,0 Not at all funny,1,2,3,4,5,6 Very funny,,,,,,
pic167_funny,Pic Funny,Integer,"1 to 7, rescaled 0 to 6 in code",How funny do you find this comic?,0 Not at all funny,1,2,3,4,5,6 Very funny,,,,,,
pic168_funny,Pic Funny,Integer,"1 to 7, rescaled 0 to 6 in code",How funny do you find this comic?,0 Not at all funny,1,2,3,4,5,6 Very funny,,,,,,
pic169_funny,Pic Funny,Integer,"1 to 7, rescaled 0 to 6 in code",How funny do you find this comic?,0 Not at all funny,1,2,3,4,5,6 Very funny,,,,,,
pic17_funny,Pic Funny,Integer,"1 to 7, rescaled 0 to 6 in code",How funny do you find this comic?,0 Not at all funny,1,2,3,4,5,6 Very funny,,,,,,
pic170_funny,Pic Funny,Integer,"1 to 7, rescaled 0 to 6 in code",How funny do you find this comic?,0 Not at all funny,1,2,3,4,5,6 Very funny,,,,,,
pic171_funny,Pic Funny,Integer,"1 to 7, rescaled 0 to 6 in code",How funny do you find this comic?,0 Not at all funny,1,2,3,4,5,6 Very funny,,,,,,
pic172_funny,Pic Funny,Integer,"1 to 7, rescaled 0 to 6 in code",How funny do you find this comic?,0 Not at all funny,1,2,3,4,5,6 Very funny,,,,,,
pic173_funny,Pic Funny,Integer,"1 to 7, rescaled 0 to 6 in code",How funny do you find this comic?,0 Not at all funny,1,2,3,4,5,6 Very funny,,,,,,
pic174_funny,Pic Funny,Integer,"1 to 7, rescaled 0 to 6 in code",How funny do you find this comic?,0 Not at all funny,1,2,3,4,5,6 Very funny,,,,,,
pic1_funny,Pic Funny,Integer,"1 to 7, rescaled 0 to 6 in code",How funny do you find this comic?,0 Not at all funny,1,2,3,4,5,6 Very funny,,,,,,
pic10_funny,Pic Funny,Integer,"1 to 7, rescaled 0 to 6 in code",How funny do you find this comic?,0 Not at all funny,1,2,3,4,5,6 Very funny,,,,,,
pic175_funny,Pic Funny,Integer,"1 to 7, rescaled 0 to 6 in code",How funny do you find this comic?,0 Not at all funny,1,2,3,4,5,6 Very funny,,,,,,
pic100_funny,Pic Funny,Integer,"1 to 7, rescaled 0 to 6 in code",How funny do you find this comic?,0 Not at all funny,1,2,3,4,5,6 Very funny,,,,,,
pic176_funny,Pic Funny,Integer,"1 to 7, rescaled 0 to 6 in code",How funny do you find this comic?,0 Not at all funny,1,2,3,4,5,6 Very funny,,,,,,
pic101_funny,Pic Funny,Integer,"1 to 7, rescaled 0 to 6 in code",How funny do you find this comic?,0 Not at all funny,1,2,3,4,5,6 Very funny,,,,,,
pic177_funny,Pic Funny,Integer,"1 to 7, rescaled 0 to 6 in code",How funny do you find this comic?,0 Not at all funny,1,2,3,4,5,6 Very funny,,,,,,
pic102_funny,Pic Funny,Integer,"1 to 7, rescaled 0 to 6 in code",How funny do you find this comic?,0 Not at all funny,1,2,3,4,5,6 Very funny,,,,,,
pic178_funny,Pic Funny,Integer,"1 to 7, rescaled 0 to 6 in code",How funny do you find this comic?,0 Not at all funny,1,2,3,4,5,6 Very funny,,,,,,
pic103_funny,Pic Funny,Integer,"1 to 7, rescaled 0 to 6 in code",How funny do you find this comic?,0 Not at all funny,1,2,3,4,5,6 Very funny,,,,,,
pic179_funny,Pic Funny,Integer,"1 to 7, rescaled 0 to 6 in code",How funny do you find this comic?,0 Not at all funny,1,2,3,4,5,6 Very funny,,,,,,
pic104_funny,Pic Funny,Integer,"1 to 7, rescaled 0 to 6 in code",How funny do you find this comic?,0 Not at all funny,1,2,3,4,5,6 Very funny,,,,,,
pic18_funny,Pic Funny,Integer,"1 to 7, rescaled 0 to 6 in code",How funny do you find this comic?,0 Not at all funny,1,2,3,4,5,6 Very funny,,,,,,
pic105_funny,Pic Funny,Integer,"1 to 7, rescaled 0 to 6 in code",How funny do you find this comic?,0 Not at all funny,1,2,3,4,5,6 Very funny,,,,,,
pic180_funny,Pic Funny,Integer,"1 to 7, rescaled 0 to 6 in code",How funny do you find this comic?,0 Not at all funny,1,2,3,4,5,6 Very funny,,,,,,
pic106_funny,Pic Funny,Integer,"1 to 7, rescaled 0 to 6 in code",How funny do you find this comic?,0 Not at all funny,1,2,3,4,5,6 Very funny,,,,,,
pic181_funny,Pic Funny,Integer,"1 to 7, rescaled 0 to 6 in code",How funny do you find this comic?,0 Not at all funny,1,2,3,4,5,6 Very funny,,,,,,
pic107_funny,Pic Funny,Integer,"1 to 7, rescaled 0 to 6 in code",How funny do you find this comic?,0 Not at all funny,1,2,3,4,5,6 Very funny,,,,,,
pic182_funny,Pic Funny,Integer,"1 to 7, rescaled 0 to 6 in code",How funny do you find this comic?,0 Not at all funny,1,2,3,4,5,6 Very funny,,,,,,
pic108_funny,Pic Funny,Integer,"1 to 7, rescaled 0 to 6 in code",How funny do you find this comic?,0 Not at all funny,1,2,3,4,5,6 Very funny,,,,,,
pic183_funny,Pic Funny,Integer,"1 to 7, rescaled 0 to 6 in code",How funny do you find this comic?,0 Not at all funny,1,2,3,4,5,6 Very funny,,,,,,
pic109_funny,Pic Funny,Integer,"1 to 7, rescaled 0 to 6 in code",How funny do you find this comic?,0 Not at all funny,1,2,3,4,5,6 Very funny,,,,,,
pic184_funny,Pic Funny,Integer,"1 to 7, rescaled 0 to 6 in code",How funny do you find this comic?,0 Not at all funny,1,2,3,4,5,6 Very funny,,,,,,
pic185_funny,Pic Funny,Integer,"1 to 7, rescaled 0 to 6 in code",How funny do you find this comic?,0 Not at all funny,1,2,3,4,5,6 Very funny,,,,,,
pic11_funny,Pic Funny,Integer,"1 to 7, rescaled 0 to 6 in code",How funny do you find this comic?,0 Not at all funny,1,2,3,4,5,6 Very funny,,,,,,
pic110_funny,Pic Funny,Integer,"1 to 7, rescaled 0 to 6 in code",How funny do you find this comic?,0 Not at all funny,1,2,3,4,5,6 Very funny,,,,,,
pic111_funny,Pic Funny,Integer,"1 to 7, rescaled 0 to 6 in code",How funny do you find this comic?,0 Not at all funny,1,2,3,4,5,6 Very funny,,,,,,
pic112_funny,Pic Funny,Integer,"1 to 7, rescaled 0 to 6 in code",How funny do you find this comic?,0 Not at all funny,1,2,3,4,5,6 Very funny,,,,,,
pic113_funny,Pic Funny,Integer,"1 to 7, rescaled 0 to 6 in code",How funny do you find this comic?,0 Not at all funny,1,2,3,4,5,6 Very funny,,,,,,
pic114_funny,Pic Funny,Integer,"1 to 7, rescaled 0 to 6 in code",How funny do you find this comic?,0 Not at all funny,1,2,3,4,5,6 Very funny,,,,,,
pic115_funny,Pic Funny,Integer,"1 to 7, rescaled 0 to 6 in code",How funny do you find this comic?,0 Not at all funny,1,2,3,4,5,6 Very funny,,,,,,
pic116_funny,Pic Funny,Integer,"1 to 7, rescaled 0 to 6 in code",How funny do you find this comic?,0 Not at all funny,1,2,3,4,5,6 Very funny,,,,,,
pic117_funny,Pic Funny,Integer,"1 to 7, rescaled 0 to 6 in code",How funny do you find this comic?,0 Not at all funny,1,2,3,4,5,6 Very funny,,,,,,
pic118_funny,Pic Funny,Integer,"1 to 7, rescaled 0 to 6 in code",How funny do you find this comic?,0 Not at all funny,1,2,3,4,5,6 Very funny,,,,,,
pic119_funny,Pic Funny,Integer,"1 to 7, rescaled 0 to 6 in code",How funny do you find this comic?,0 Not at all funny,1,2,3,4,5,6 Very funny,,,,,,
pic12_funny,Pic Funny,Integer,"1 to 7, rescaled 0 to 6 in code",How funny do you find this comic?,0 Not at all funny,1,2,3,4,5,6 Very funny,,,,,,
pic120_funny,Pic Funny,Integer,"1 to 7, rescaled 0 to 6 in code",How funny do you find this comic?,0 Not at all funny,1,2,3,4,5,6 Very funny,,,,,,
pic121_funny,Pic Funny,Integer,"1 to 7, rescaled 0 to 6 in code",How funny do you find this comic?,0 Not at all funny,1,2,3,4,5,6 Very funny,,,,,,
pic122_funny,Pic Funny,Integer,"1 to 7, rescaled 0 to 6 in code",How funny do you find this comic?,0 Not at all funny,1,2,3,4,5,6 Very funny,,,,,,
pic123_funny,Pic Funny,Integer,"1 to 7, rescaled 0 to 6 in code",How funny do you find this comic?,0 Not at all funny,1,2,3,4,5,6 Very funny,,,,,,
pic124_funny,Pic Funny,Integer,"1 to 7, rescaled 0 to 6 in code",How funny do you find this comic?,0 Not at all funny,1,2,3,4,5,6 Very funny,,,,,,
state,Demographics - State,Character,Two letter US state code,Where do you live?,,,,,,,,,,,,,
coping_1,Coping Scale,Integer,1 to 4,I often lose my sense of humor when I am having problems.,Strongly disagree,Mildly disagree,Mildly agree,Strongly agree,,,,,,,,,
coping_2,Coping Scale,Integer,1 to 4,I have often found that my problems have been greatly reduced when I try to find something funny in them.,Strongly disagree,Mildly disagree,Mildly agree,Strongly agree,,,,,,,,,
coping_3,Coping Scale,Integer,1 to 4,I usually look for something comical to say when I am in tense situations.,Strongly disagree,Mildly disagree,Mildly agree,Strongly agree,,,,,,,,,
coping_4,Coping Scale,Integer,1 to 4,I must admit my life would probably be a lot easier if I had more of a sense of humor.,Strongly disagree,Mildly disagree,Mildly agree,Strongly agree,,,,,,,,,
coping_5,Coping Scale,Integer,1 to 4,"I have often felt that if I am in a situation where I have to either cry or laugh, it’s better to laugh.",Strongly disagree,Mildly disagree,Mildly agree,Strongly agree,,,,,,,,,
coping_6,Coping Scale,Integer,1 to 4,I can usually find something to laugh or joke about even in trying situations.,Strongly disagree,Mildly disagree,Mildly agree,Strongly agree,,,,,,,,,
coping_7,Coping Scale,Integer,1 to 4,It has been my experience that humor is often a very effective way of coping with problems.,Strongly disagree,Mildly disagree,Mildly agree,Strongly agree,,,,,,,,,
lot_1,Lot Scale,Integer,1 to 5,"In uncertain times, I usually expect the best.",I agree a lot,I agree a little,I neither agree or disagree,I disagree a little,I disagree a lot,,,,,,,,
lot_2,Lot Scale,Integer,1 to 5,It's easy for me to relax.,I agree a lot,I agree a little,I neither agree or disagree,I disagree a little,I disagree a lot,,,,,,,,
lot_3,Lot Scale,Integer,1 to 5,"If something can go wrong for me, it will. ",I agree a lot,I agree a little,I neither agree or disagree,I disagree a little,I disagree a lot,,,,,,,,
lot_4,Lot Scale,Integer,1 to 5,I'm always optimistic about my future.,I agree a lot,I agree a little,I neither agree or disagree,I disagree a little,I disagree a lot,,,,,,,,
lot_5,Lot Scale,Integer,1 to 5,I enjoy my friends a lot.,I agree a lot,I agree a little,I neither agree or disagree,I disagree a little,I disagree a lot,,,,,,,,
lot_6,Lot Scale,Integer,1 to 5,It's important for me to keep busy.,I agree a lot,I agree a little,I neither agree or disagree,I disagree a little,I disagree a lot,,,,,,,,
lot_7,Lot Scale,Integer,1 to 5,I hardly ever expect things to go my way. ,I agree a lot,I agree a little,I neither agree or disagree,I disagree a little,I disagree a lot,,,,,,,,
lot_8,Lot Scale,Integer,1 to 5,I don't get upset too easily.,I agree a lot,I agree a little,I neither agree or disagree,I disagree a little,I disagree a lot,,,,,,,,
lot_9,Lot Scale,Integer,1 to 5,I rarely count on good things happening to me. ,I agree a lot,I agree a little,I neither agree or disagree,I disagree a little,I disagree a lot,,,,,,,,
lot_10,Lot Scale,Integer,1 to 5,"Overall, I expect more good things to happen to me than bad.",I agree a lot,I agree a little,I neither agree or disagree,I disagree a little,I disagree a lot,,,,,,,,
participant_id,Participant ID number,Character,Any,This value was created by hashing the original prolific ID and session to create unique participant ID numbers that were not identifiable. ,,,,,,,,,,,,,