sessioncode,subject,group,totalprofit,treat,effort_t1,effort_t2,round_random_t1,round_random_t2,round_output_t1,round_output_t2,cost_t1,cost_t2,expectation1_t1,expectation2_t1,expectation3_t1,expectation1_t2,expectation2_t2,finalist,gender,major,year,age,decisions
211102_1054,1,1,16.459999,2,60,66,33,22,93,88,1.6,1.9400001,67,0,50,90,0,1,Male,Business Economics,First,18,"The 60s looked seemed to me to be the best value for money. additionally, 6 is my favourite number."
211102_1054,2,1,3.4300001,2,72,0,-55,0,17,0,2.3,0,100,15,60,40,52,0,Female,International Business ,MSc,25,Decided on 72 for\r\nI beleieve in lucky number and 72 adds up to 9 \r\nEven if I would be unlucky enough to get a negative number i would still have a positive number \r\nAnd that 2.30 wasnt a large enough sum of money to be deducted from the final amount
211102_1054,3,1,10.65,2,47,33,57,-37,104,-4,0.98000002,0.47999999,52,78,65,57,0,1,Male,History ,First,18,In the first stage i decided to try and make sure i lost no more than £1 so picked number 47. once i got through to the second round i tried to make sure if i lost my pay off would be more than £10 so i picked a lower number. 
211102_1054,4,1,4.6599998,2,49,0,3,0,52,0,1.0700001,0,28,62,92,100,28,0,Male,Biological Sciences,Third,21,STAGE 1: I was reserved as I thought losing £1 for 30 minutes isn't bad. If I had known that I got £5 for showing up plus the experiment earnings I would have gone for the highest number  (125).
211102_1054,5,2,12.82,2,108,67,15,54,123,121,5.1799998,2,50,80,110,80,0,1,Male,Business Economics,Second,20,"1. stage = high number to make sure I arrive in the 2. stage. Then in second stage a medium number which gives me a good chance for first place, but if I dont manage to land in first, I'll overall still earn more than just being in first stage. "
211102_1054,6,2,2.3299999,2,125,80,-57,30,68,110,6.9400001,2.8399999,90,80,100,50,0,1,Male,Economics and politics,First,19,Wanted to get the highest score in both rounds as i reckoned i had a good chance at scoring first if i put in a high number
211102_1054,7,2,4.79,2,46,0,13,0,59,0,0.94,0,100,63,40,100,70,0,Male,"Politics, Philosophy and Economics",Third,20,I tried to reduce the risk to myself to guarantee some earnings
211102_1054,8,2,3.73,2,67,0,-6,0,61,0,2,0,96,52,105,105,85,0,Female,Economics and finance,First,18,Looked at costs
211102_1054,9,3,5.5100002,2,96,75,-23,-17,73,58,4.0999999,2.5,90,80,70,100,0,1,Male,History,Third,20,"I picked high in first to try and get into 2nd.\r\nIn 2nd i picked a bit lower as I felt my luck was against me with the random number, to not lose money"
211102_1054,10,3,17.209999,2,37,70,54,52,91,122,0.61000001,2.1800001,76,88,62,78,0,1,Female,English and psychology (FCH),Third,21,To ensure I got more than either £5 or £12 even if I didn't get to the second stage
211102_1054,11,3,5.02,2,40,0,-9,0,31,0,0.70999998,0,60,100,10,90,90,0,Female,maths,Third,21,I thought about how much I was willing to loose from my payoff if I didn't make it through the 1st round  and picked the largest number that had a small enough cost. 
211102_1054,12,3,5.02,2,40,0,-34,0,6,0,0.70999998,0,30,80,50,50,60,0,Male,Economics,First,18,I didnt want to risk going to high as the the lack of profit was an option through the fact that the random number plays a big role.\r\nTherefore i went for quite a safe number
211102_0956,1,,4.9499998,2,42,0,22,0,64,0,0.77999997,0,80,70,100,100,95,0,,,,,
211102_0957,2,,3.55,2,70,0,18,0,88,0,2.1800001,0,69,101,51,101,107,0,,,,,
211102_0958,3,,7.9200001,2,113,120,-16,59,97,179,5.6799998,6.4000001,113,113,113,125,0,1,,,,,
211102_0959,4,,-1.77,2,125,125,42,34,167,159,6.9400001,6.9400001,125,125,125,125,0,1,,,,,
211102_0960,5,,2.1300001,2,90,0,-52,0,38,0,3.5999999,0,20,125,75,50,78,0,,,,,
211102_0961,6,,4.98,2,41,0,12,0,53,0,0.75,0,125,1,34,85,109,0,,,,,
211102_0962,7,,10.81,2,108,95,48,41,156,136,5.1799998,4.0100002,78,60,113,108,0,1,,,,,
211102_0963,8,,6.4299998,2,80,80,20,2,100,82,2.8399999,2.8399999,50,60,70,70,0,1,,,,,
211102_0964,9,,4.75,2,47,0,14,0,61,0,0.98000002,0,45,64,12,12,32,0,,,,,
211102_0965,10,,4.8200002,2,94,87,48,-53,142,34,3.9300001,3.3599999,90,113,125,71,0,1,,,,,
211102_0966,11,,2.1300001,2,90,0,-14,0,76,0,3.5999999,0,106,67,74,90,106,0,,,,,
211102_0967,12,,13.81,2,95,70,-17,8,78,78,4.0100002,2.1800001,100,89,90,84,0,1,,,,,
211102_0968,13,,3.55,2,70,0,4,0,74,0,2.1800001,0,125,44,55,69,86,0,,,,,
211102_0969,14,,2.1300001,2,90,0,8,0,98,0,3.5999999,0,70,106,80,100,90,0,,,,,
211102_0970,15,,0.94,2,117,107,38,-50,155,57,6.0799999,5.0900002,125,100,63,125,0,1,,,,,
211102_0971,16,,8.96,2,101,121,7,42,108,163,4.5300002,6.5100002,80,100,60,111,0,1,,,,,
211102_1147,1,1,7.6100001,2,89,47,31,59,120,106,3.52,0.98000002,100,80,120,100,0,1,Male,BSc Economics and Finance,Third,28,"tried to look for the best trade-off, first round i put in a high decision number then next round 47 as it has the lowest cost in below 1 as i was assured at least 12 pounds - costs\r\n"
211102_1147,2,1,7.3899999,2,114,124,42,1,156,125,5.7800002,6.8299999,0,0,0,113,0,1,Male,BSc Business and Management,First,18,"I aimed to win both rounds, in order to get the £20-costs so I went for high decision numbers (114 and 124 in each respective round, and won both)."
211102_1147,3,1,1.72,2,95,0,-22,0,73,0,4.0100002,0,85,100,105,110,115,0,Female,Accounting and Finance,First,18,there was a luck factor involved so any decision i took involved risk so i just went for a higher number keeping in mind that i might only receive 5.73 and not advance to the next stage
211102_1147,4,1,1.72,2,95,0,7,0,102,0,4.0100002,0,100,86,54,125,100,0,Female,Mathematics with Finance,Third,21,"It was logical to go higher, as even if you chose 125 both times you still earnt more than the base value of Case 1. I didn't want to go too high to try and increase my reward, but it seems my peers decided otherwise as I didn't make it to stage 2. "
211102_1147,5,2,5.02,2,40,0,0,0,40,0,0.70999998,0,1,40,67,1,15,0,Male,Business Economics,Second,19,"I chose 40 because i wanted to leave with a minimum of £5, and then hoped for a high random number. I was tempted to chose a lower score due to the increasing cost of higher numbers. "
211102_1147,6,2,6.0100002,2,90,75,-45,-30,45,45,3.5999999,2.5,60,100,80,90,0,1,Male,Bsc Economics (WIE),Fourth,21,I knew that you were going to get a significantly higher payout if you got into round 2 and it was worth taking the risk. I then had the choice in round 2 to either pick zero and take a good payout of 8.50 or take a risk and try to potentially get a double figure payout. In the end i took the risk and lost 2 pound of potential earnings as a result. 
211102_1147,7,2,17.1,2,75,30,-6,30,69,60,2.5,0.40000001,100,63,20,90,0,1,Female,Maths and Computer Science,First,19,"With stage one, I picked a number in the middle, with stage 2 I thought the second participant would choose a number close to 90, so I chose 30, (90 - 60) as this would minimise risk while still giving me a reasonable chance at winning."
211102_1147,8,2,4.02,2,62,0,-36,0,26,0,1.71,0,100,60,40,100,125,0,Female,"Politics, Philosophy & Economics",Third,22,"I chose my decision number in the first round in the middle of the available numbers to have some sort of numeric advantage without sacrificing too much of the final payoff in the case that I did not get through to the second round, and assumed that others would do the same. I thought that in the second round people would be happier to pay for larger decision numbers because the potential payoff was greater regardless."
211102_1147,9,3,3.73,2,67,0,-46,0,21,0,2,0,113,47,94,52,103,0,Female,Business Economics,Third,20,"At stage 1, I decided to play it safe to not incur high costs towards my final income. However, I did not progress onto stage 2 as my the random number was a negative value, leading to a much lower result than what I would have hoped for. "
211102_1147,10,3,3.8499999,2,65,0,11,0,76,0,1.88,0,50,100,80,0,20,0,Female,Marketing,MSc,22,"I only made it to the first round because i was afraid that the random number provided by the computer would be very low. I chose 65 as it was barely above the margin of the -60 and 60 interval. However, i thought people wold be more risk averse in their choices as it is a ranfom number that could fall in the negative but it did not seem that way."
211102_1147,11,3,10.48,2,113,93,6,28,119,121,5.6799998,3.8399999,83,65,119,119,0,1,Male,Management,MSc,22,Looked at the optimum point for the marginal increase in costs to come up with a number that determines how to curb the -60 random number penalty. 
211102_1147,12,3,6.4299998,2,113,0,20,-30,133,-30,5.6799998,0,113,125,0,0,0,1,Female,BSc Business and management,First,18,"In the first round, I chose it based on the cost and and the closest to 5.73 to make sure that I'm guranteed to earn some money while maxmising the number possible, which is why i chose 113. Then since, I've got into the second round, I do not want to pay anymore so I just picked 0 as I will for sure have 12.11"
211102_1147,13,4,2.8900001,2,80,0,4,0,84,0,2.8399999,0,60,50,100,90,100,0,Female,psychology,Second,22,"i shouldnt pick 80 but put the largest number, 113, maximum cost for stage 1 intend to get in. I picked 80 was the half cost of stage 1. sadly other participants picked higher than 80 that dont make me get in stage 2. "
211102_1147,14,4,12.92,2,70,105,52,43,122,148,2.1800001,4.9000001,105,15,60,100,0,1,Male,Economics,Second,19,"Before the first round i chose a set of numbers 70- 106 that i would choose my numbers from because they were high enough to win but not too high that it would cost me a lot of money. In the first round I chose 70, this is because i thought some player might go low in order to save money, and in the second round i chose 105 because i needed to make sure i won the £20 and 105 was as high as i was willing to go as i would have to sacrifice £4.90 as a cost."
211102_1147,15,4,1.29,2,100,0,-57,0,43,0,4.4400001,0,125,40,13,125,100,0,Female,PhD English,Fourth,32,"Since you could not determine the random number chosen by the computer, I just decided to pick a high number, even though I could have hedged my bets and chosen a low number for a lesser cost."
211102_1147,16,4,2.1300001,2,106,106,57,3,163,109,4.9899998,4.9899998,30,60,90,100,0,1,Male,ECONOMICS ANF FINANCE,First,18,I WANTED TO GIVE MYSELF THE BEST OPPORTUNITY OF EARNING AT LEAST £10 AS IT WAS A NICE NUMBER. THEREFORE I CHOSE THE DECISION NUMBERS WITH A COST OF 4.99 HOPING I WOULD FINISH TOP OF BOTH ROUNDS.
211102_1339,1,1,9.8599997,1,92,0,44,0,136,0,3.76,0,125,78,82,0,0,1,Female,Law with European Study,Fourth,21,I thought about going for 125 but decided to put 92 as it was slightly safer but also still a good chance of getting a high amount. Even if I got the lower automatic generated number with the chosen number of 92 I would still recieve close to £2
211102_1339,2,1,1.46,1,98,0,-54,0,44,0,4.27,0,70,100,120,0,0,0,Female,BA Liberal Arts,Third,21,"high number, but not high enough that it would be above £5, which could end up being lower than the original show up fee"
211102_1339,3,1,5.1900001,1,35,0,-35,0,0,0,0.54000002,0,43,89,6,0,0,0,Male,Economics and Finance,First,21,"made a wild guess, probability of being the top 2 but having a small cost associated to the decision number is extremely small"
211102_1339,4,1,6.6799998,1,125,0,38,0,163,0,6.9400001,0,77,0,40,0,0,1,Male,Economics,First,19,"I chose the highest number as it gives me the best chance at getting the top 2 numbers and getting £13.62 instead of £5.73 (minus costs). Even though it has the highest cost, the resulting amount is still higher than the lowest score result even with a cost of £0, so i tried to give myself the best chance at higher earnings, despite the decisions of others mattering."
211102_1339,5,2,1.01,1,103,0,-10,0,93,0,4.7199998,0,100,120,90,0,0,0,Female,business management,First,19,I chose to take the risk and go for a higher decision number as the probability of me having a highest result increased
211102_1339,6,2,11.12,1,75,0,54,0,129,0,2.5,0,60,50,55,0,0,1,Male,business management,First,18,i was willing to lose 2.50 of my overall fund to secure a larger payout so was willing to choose a larger number.
211102_1339,7,2,11.62,1,67,0,35,0,102,0,2,0,50,125,70,0,0,1,Female,Mathematics,Third,20,"Knowing that if I had lost, I would gain £5.73, I concluded that I am happy to lose £2.00 and gain £3.73."
211102_1339,8,2,5.73,1,0,0,51,0,51,0,0,0,125,1,60,0,0,0,Female,Mathematics Bsc,Second,19,I decided that choosing 0 guaranteed receiving £5.73 which was a much better prospect than relieing on the number generator to win the higher amount minus your score.
211102_1339,9,3,9.0900002,1,101,0,-33,0,68,0,4.5300002,0,90,100,80,0,0,1,Male,Engineering,Fourth,21,I worked out that it was worth trying to get into the higher group as regardless of the decision I made it would earn me more money than by getting the lower amount of money. I thought that 100 would just about be in the higher group if I didnt get given too harsh a random number. Despite getting a negative random number it was still in the top two
211102_1339,10,3,5.02,1,40,0,4,0,44,0,0.70999998,0,106,30,60,0,0,0,Male,Maths,Third,22,"Did not wnt to risk picking a high amount and still finishing in the bottom two, either through higher bidding or getting unlucky with the random number, so i picked a lower number and hoped.\r\n\r\nAlso did not realise that the experiments are now cashless, so i chose a number it would be easy to receive in cash had i got either of the amounts"
211102_1339,11,3,3.1600001,1,76,0,-44,0,32,0,2.5699999,0,63,62,70,0,0,0,Female,economics ,Third,20,to max utility 
211102_1339,12,3,9.6099997,1,95,0,14,0,109,0,4.0100002,0,75,82,111,0,0,1,Female,"Politics, Philosophy and Economics",First,18,i wanted to make sure I would fall in the top 2 of the group as the pay off was much higher and i didnt want to risk the lower payoff even with a lower number
211102_1339,13,4,3.3599999,1,73,0,-13,0,60,0,2.3699999,0,105,73,73,0,0,0,Female,Finance and Management,MSc,25,"I checked the decision numbers on my sheet and checked which numbers would receive the highest income, based on that I assumed that members of my group would select the highest ones. That is how I chose my numbers."
211102_1339,14,4,11.86,1,63,0,19,0,82,0,1.76,0,30,60,90,0,0,1,Male,Accounting and Finance ,First,18,I chose to go with my number as it was in the middle of the range as well as provided a decent earning outcome however the earnings I would have got.
211102_1339,15,4,0.050000001,1,113,0,-37,0,76,0,5.6799998,0,105,125,115,0,0,0,Female,Economics,MSc,22,"Risk, hope and making sure I break even but was unlucky to get a negative random number. "
211102_1339,16,4,10.02,1,90,0,32,0,122,0,3.5999999,0,40,80,100,0,0,1,Male,Business Management,Fourth,23,High enough to score highly without relying on the random number. Also hugh enough to still be high if I get a negative random number. Not too high to have a high financial cost as i wanted the max pay out
211102_1440,1,1,0.63999999,1,107,0,-15,0,92,0,5.0900002,0,35,87,92,0,0,0,Male,Economics,Fourth,21,Thought 107 would be enough but got -15 so wasn't a high earner\r\nwould put 115 next time
211102_1440,2,1,11.12,1,75,0,46,0,121,0,2.5,0,60,124,65,0,0,1,Male,Economics,Third,20,Acceptable risk of a low payment.
211102_1440,3,1,3.8499999,1,65,0,-58,0,7,0,1.88,0,23,54,110,0,0,0,Female,Politics and International Relations,Fourth,21,Thought that a number in the middle (low cost) would be less risky than a higher number with a higher cost and could potentially add up to a relatively high number. Luck wasn't on my side
211102_1440,4,1,9.6099997,1,95,0,49,0,144,0,4.0100002,0,95,90,105,0,0,1,Female,Accounting and Finance,First,19,"I wanted to go for the top two spots as the payoff, even if a high decision number is made is higher than the £5.73 offered for the lower rankings. It was a tough decision regarding how much to sacrifice. I went for a number less than £5.75 to protect myself if I was unluckey on the random draw. But thankfully I recieved a good number to secure a top position even though I sacrificed £4.01. A great experiment though. Really enjoyed."
211102_1440,5,2,7.8400002,1,114,0,37,0,151,0,5.7800002,0,125,114,117,0,0,1,Male,accounting and finance,First,18,I choose the one where it was less than 5.78 which was the decision number 113 because i didnt know if i had to pay them if i get a negative number and i did not want to risk it but i wanted to choose a large number so i had a chance of being the top 2 
211102_1440,6,2,1.97,1,92,0,22,0,114,0,3.76,0,32,0,75,0,0,0,Female,Law,First,18,"Initially I thought to myself, if I selected 125 as my decision number- and my random number was 0- I would make a profit of 6.68 minimum. Then I considered doing 0- as my cost would be £0, and I would be guaranteed to make £5.73, so long as the random number still made me lowest. However I felt like this was the safest option, and I wanted to take a risk in hopes of making more. In hindsight, maybe I should have settled."
211102_1440,7,2,11.5,1,69,0,53,0,122,0,2.1199999,0,120,90,100,0,0,1,Female,Mathematics,Third,20,"not too high, not too low, so im sure to get some money if i became the least out of four person. i was lucky to get a very high random number, pure of luck."
211102_1440,8,2,3.79,1,66,0,45,0,111,0,1.9400001,0,125,120,0,0,0,0,Male,History,Second,19,"I went for 66 because if I got the high end of a random number then I would hopefully beat anyone who picked a higher number, especially if they randomly got a negative number. I also didn't want to choose a high number because of the potential risk of a random negative number leading to no profit over the base £5. 66 would let me have a chance of beating 125."
211102_1440,9,3,3.4300001,1,72,0,-29,0,43,0,2.3,0,99,62,63,0,0,0,Female,Marketing,MSc,21,"I chose above 60 so I didn't have a really low score if my random number was -60. I then didn't choose something with too high a cost therefore I chose 72 (it also was a \""special number\"") birthday year of someone special."
211102_1440,10,3,2.3699999,1,87,0,-32,0,55,0,3.3599999,0,117,63,80,0,0,0,Male,Economics,First,18,Did some basic maths looking at the increase in cost between each decision number noticed the margin increased higher up. Chose 87 as it was directly before margin increased again and a high enough number with a relativley lower cost. However random number done me over (-32) :(. So ended up bottom 2.
211102_1440,11,3,9.6099997,1,95,0,18,0,113,0,4.0100002,0,82,76,105,0,0,1,Male,Marketing and Management ,First,18,I did not want to risk too much but just enough for my decision number to secure me a top two spot - although I did get lucky with the random number.
211102_1440,12,3,6.6799998,1,125,0,25,0,150,0,6.9400001,0,125,125,125,0,0,1,Female,Economics and Politics,First,18,Just went for the highest one because that had the best chance of getting a higher payoff
211102_1440,13,4,9.0900002,1,101,0,32,0,133,0,4.5300002,0,95,100,105,0,0,1,Female,Business Economics,Second,19,Really pleased that I took a risk with a big decision number!
211102_1440,14,4,10.78,1,80,0,-16,0,64,0,2.8399999,0,103,61,48,0,0,1,Male,Mathematics with Economics,First,18,Took into consideration how others would pick their numbers as well as the probability of losing even while picking high numbers and ended up choosing the number which I felt gave me the best chance of winning while still not risking too much of the earnings.
211102_1440,15,4,1.01,1,103,0,-54,0,49,0,4.7199998,0,125,40,3,0,0,0,Female,Psychology,Second,19,"103 is a large number which mean i have a higher chance to be the one of the highest, and i will get at least one pound if i get low munber from computer also."
211102_1440,16,4,4.5700002,1,51,0,7,0,58,0,1.16,0,91,112,79,0,0,0,Male,MEng Civil & Environmental,Fourth,21,"Maths, good gauranteed payoff with a small chance of winning a larger overall payoff if random is favourable"
211102_1602,1,1,10.41,1,85,0,-10,0,75,0,3.21,0,125,96,0,0,0,1,Male,law,Third,21, 
211102_1602,2,1,1.11,1,102,0,-46,0,56,0,4.6199999,0,80,92,61,0,0,0,Male,economics and politics,Fourth,21, 
211102_1602,3,1,2.74,1,82,0,-8,0,74,0,2.99,0,63,80,94,0,0,0,Female,liberal arts,Second,19, 
211102_1602,4,1,10.02,1,90,0,38,0,128,0,3.5999999,0,125,60,100,0,0,1,Male,Biosciences,Third,21,.
211102_1602,5,2,11.25,1,73,0,41,0,114,0,2.3699999,0,125,90,70,0,0,1,Male,economics,Second,19, 
211102_1602,6,2,-1.21,1,125,0,-39,0,86,0,6.9400001,0,100,112,125,0,0,0,Female,accounting and finance,Third,21, 
211102_1602,7,2,3.55,1,70,0,-15,0,55,0,2.1800001,0,109,88,65,0,0,0,Male,history,Fourth,21,
211102_1602,8,2,6.6799998,1,125,0,-11,0,114,0,6.9400001,0,1,125,100,0,0,1,Male,economics and politics,Fourth,21,  
211102_1602,9,3,3.55,1,70,0,26,0,96,0,2.1800001,0,90,55,32,0,0,0,Male, ,Third,, 
211102_1602,10,3,7.7399998,1,115,0,54,0,169,0,5.8800001,0,125,90,50,0,0,1,Female,mathematics,Third,21,  
211102_1602,11,3,9,1,102,0,54,0,156,0,4.6199999,0,85,62,94,0,0,1,Female,economics,First,18,
211102_1602,12,3,0.050000001,1,113,0,23,0,136,0,5.6799998,0,75,50,100,0,0,0,Female,economics,Second,19, 
211102_1602,13,4,12.12,1,58,0,50,0,108,0,1.5,0,25,77,50,0,0,1,Female,business and management,First,18, 
211102_1602,14,4,10.85,1,79,0,0,0,79,0,2.77,0,61,70,97,0,0,1,Male,economics,MSc,29,.
211102_1602,15,4,3.97,1,63,0,15,0,78,0,1.76,0,3,60,100,0,0,0,Male,computer science,First,18, 
211102_1602,16,4,5.02,1,40,0,-57,0,-17,0,0.70999998,0,0,3,125,0,0,0,Male,economics,Third,21, 
211111_0925,1,1,4.75,1,47,0,-1,0,46,0,0.98000002,0,125,90,12,0,0,0,Female,Materials Engineering,Fourth,21,The number wasn't too high. It felt like a reasonable loss if it was one of the lower 2 results.
211111_0925,2,1,9.2600002,1,99,0,32,0,131,0,4.3600001,0,50,91,120,0,0,1,Female,Emgineering,Fourth,21,"given that minimum pay was 5 pounds, i was happy to risk for a higher number cost. given that minimum random number achieved would be -60, i decided to go around the hundreds.\r\n"
211111_0925,3,1,9.1800003,1,100,0,14,0,114,0,4.4400001,0,75,85,90,0,0,1,Female,BSc Economics,Fourth,21,"I made my decision based on how much i was willing to lose in the worst case still making a positive payoff. I estimated that no one would go above around 95 and in this case I chose 100, knowing in the worst case scenario i would still have a result of 40, and potentially one of the higher scores."
211111_0925,4,1,3.6099999,1,69,0,26,0,95,0,2.1199999,0,125,125,0,0,0,0,Male,Maths and Computer Science,First,18,i felt it would largely fall to the random number so I picked a middle value and crossed my fingers
211111_0925,5,2,9.6099997,1,95,0,8,0,103,0,4.0100002,0,125,0,75,0,0,1,Male,Computer Science,First,18,"Tried to minimise cost whilst maximising the chance of getting higher. Decided 95 was a good choice, after originally picking 75. Was worth risking more to get higher profit. No point picking max due to the +-60 having the possibility of changing it up. This would mean low profit it I got lower score, but worth the gamble."
211111_0925,6,2,-1.21,1,125,0,-44,0,81,0,6.9400001,0,100,114,122,0,0,0,Female,Accounting and Finance,Third,20,All or nothing \r\n\r\nI'd rather risk not getting anything than playing safe
211111_0925,7,2,10.02,1,90,0,7,0,97,0,3.5999999,0,125,100,70,0,0,1,Female,Economics,First,18,"Went for the choice that meant if i got in the highest 2, the cost would not put the overall sum below £10. i had limited other tactics since i was aware a lot depened on luck and the random number allocated to you."
211111_0925,8,2,5.2199998,1,34,0,-21,0,13,0,0.50999999,0,105,73,88,0,0,0,Male,financial analysis and fund management,MSc,22,just want to contral the cost firstly
211111_0925,9,3,4.02,1,62,0,28,0,90,0,1.71,0,67,1,90,0,0,0,Female,Management and marketing,Third,20,I chose the option because it has the least risk in my opinion. If i were to choose a high number and the random number generated is -60 for instance. I might still get the low payout thats also decreased by the cost
211111_0925,10,3,2.8900001,1,80,0,47,0,127,0,2.8399999,0,60,100,0,0,0,0,Female,Masters By Research in Biological Sciences,MSc,21,"I decided that I didn't really mind about how much I earned, so I went for a higher number in the hopes of maybe getting one of the higher scores. If I had been looking to get as much as possible, I would have chosen a score that wasvery low- for example I was debating for a while whether to choose 3 or 80. I didn't get the higher scores but I'm okay with that, in future or if there were more rounds I probably would have chosen a number that cost me less or nothing. Regardless, it was good!"
211111_0925,11,3,9.7799997,1,93,0,53,0,146,0,3.8399999,0,0,3,125,0,0,1,Male,Finance and economics,MSc,21,I decided the intrinsic value per number and what is the maximum i am willing to pay per increment. I put this value as 0.08p per number jump and hence decided upon 93. I t alos gave me the chance to get above 125 with a hiigh roll provided they did not do as well in the RNG section
211111_0925,12,3,8.6300001,1,106,0,37,0,143,0,4.9899998,0,20,120,90,0,0,1,Male,Economics,Second,19,"I thought anything over roughly 100 would be safe to get the higher pay out so then my decision was between choosing a lower number with a higher pay off and hope my random number was a high enough one, which I thought the probability of working would be about 1/6, or choose a high number straight away, sacrifice some pay off but be almost certain it would work. I chose to go higher and be certain."
211111_1106,1,1,4.8699999,1,44,0,-14,0,30,0,0.86000001,0,72,75,66,0,0,0,Male,law,Second,21,I thought 44 would be the best number
211111_1106,2,1,11.91,1,62,0,26,0,88,0,1.71,0,40,75,60,0,0,1,Female,Economics and Politics,First,18,I went with a number that was pretty central to ensure high chances but minimising costs.
211111_1106,3,1,1.63,1,96,0,-40,0,56,0,4.0999999,0,91,86,101,0,0,0,Male,Mathematics with Economics,First,19,I arrived at 96 as I predicted the majority of people wouldnt want to lose over £4. However I was wrong and lost a large amount. Looking at it now I definitely should have gone a lot higher.
211111_1106,4,1,12.51,1,50,0,17,0,67,0,1.11,0,70,0,100,0,0,1,Female,FCH Economics and Sustainability,First,20,"I chose slightly below the middle value, since I then hoped I would end up in 2nd place - i.e. being paid the greater amount but not having to pay too much for my decision.  "
211111_1106,5,2,1.29,1,100,0,-39,0,61,0,4.4400001,0,50,75,125,0,0,0,Female,MSc Fintech,MSc,21,I have chosen a number that has a cost which I can still reach breakeven or make a bit of income even if I got the lowest two marks in the group. 
211111_1106,6,2,0.050000001,1,113,0,-43,0,70,0,5.6799998,0,125,100,106,0,0,0,Male,Economics with Econometrics,First,18,I would always be making a profit i i picked 113 any higher and i had the chance of losing money. 
211111_1106,7,2,8.2399998,1,110,0,23,0,133,0,5.3800001,0,90,100,70,0,0,1,Male,Economics and Finance,First,18,"I decided that it would be worth increasing my costs to try and ensure the higher payout, even though it would cost more, the higher payout less my costs would still be higher"
211111_1106,8,2,11.44,1,70,0,2,0,72,0,2.1800001,0,80,60,65,0,0,1,Male,Economics,First,18,"Picked a middling number which seemed to weigh up a high chance of being in the top two with some risk, yet relatively low in comparison. "
211111_1106,9,3,2.05,1,91,0,21,0,112,0,3.6800001,0,125,88,50,0,0,0,Male,BSc Geography,Third,21,"I wanted to try and hit a high number but not go too silly with the top numbers, th8us potentially causing a stalemate at the top. This didn't quite work out for me though. "
211111_1106,10,3,10.18,1,88,0,36,0,124,0,3.4400001,0,125,100,0,0,0,1,Male,BSC Economics and Econometrics,Third,25,I chose an averange placing number to remain at the upper percentile of the number list to hopefully remain in the higher group. I also chose a number where the cost is not too high in the event i remain in the lower percentile group.
211111_1106,11,3,8.7200003,1,105,0,57,0,162,0,4.9000001,0,100,0,125,0,0,1,Female,Economics,MSc,21,"I debated between 0 and 125 to ensure either way, but because of the random number i aimed lower in the chance i would get top two."
211111_1106,12,3,2.8900001,1,80,0,-8,0,72,0,2.8399999,0,125,95,30,0,0,0,Female,Economics and Finance,First,18,"i tried to choose a number that didn't have too high a cost, but still was a relatively high number"
211111_1106,13,4,10.02,1,90,0,24,0,114,0,3.5999999,0,100,110,120,0,0,1,Male,BSc Business and Management,First,19,"Went for a high number aiming to be one of the top earners because no matter the cost, the earnings would have still be higher than 5.73."
211111_1106,14,4,2.05,1,91,0,-21,0,70,0,3.6800001,0,125,125,65,0,0,0,Male,economics,First,18,"Wanted to get £10 so picked 91, mean for random number is 0."
211111_1106,15,4,12.37,1,53,0,29,0,82,0,1.25,0,41,66,53,0,0,1,Male,BSC ECONOMICS AND FINANCE,First,19,I tried to get mid to high number that wouldn't affect my income severly.  I also had a feeling there was a good chance of recieving a positive value from the computer's random number
211111_1106,16,4,2.21,1,89,0,-57,0,32,0,3.52,0,1,45,120,0,0,0,Female,economics,First,18,picked a high number in the hope of being allocated a positive random number
211111_1151,1,1,3.1600001,1,76,0,-38,0,38,0,2.5699999,0,75,100,62,0,0,0,Female,Economics and International Relations,First,19,"I considered the probability of getting a higher result with the cost of going up decision numbers. Originally, my gut feeling was to go around 60 but then increased this to 75 for a higher chance (although this didn't work out and so I would've been better sticking with 60 in this instance)."
211111_1151,2,1,7.54,1,117,0,49,0,166,0,6.0799999,0,125,63,125,0,0,1,Female,marketing,First,19,"I knew that I wanted to choose a high number to get a greater pay off no matter the cost. I understood that even if I gave up more money towards the cost, it would result in a higher profit by getting 13.62 compared to 5.73. I did not choose 125 because i wanted to save a little on the cost."
211111_1151,3,1,2.1300001,1,90,0,-27,0,63,0,3.5999999,0,75,85,80,0,0,0,Female,Law,First,18,I thought 90 was quite a safe bet and that people would choose a smaller number but it turns out that participants in my group probably chose a higher number or got more lucky with their random number than me.
211111_1151,4,1,9.1800003,1,100,0,1,0,101,0,4.4400001,0,100,125,75,0,0,1,Male,Economics,Fourth,21,"I am a risk averse person however for only 30 minutes I thought i should play risky and try and maximise the money I could earn. I think 90-100 is a fair number to pick as you can earn around £9-10 from winning and you have a high chance of winning, but 125 means you can only win around £7 and you could still lose then. there is also no point in going low as you cant really win."
211111_1151,5,2,10.02,1,90,0,-19,0,71,0,3.5999999,0,120,80,95,0,0,1,Female,International Relations and Spanish,First,19,"A higher number was more likely to get a higher rsult, but the deduction would also be higher so i chose a balance between probability of getting a high score and how much money would be taken off my total."
211111_1151,6,2,3.9100001,1,64,0,-55,0,9,0,1.8200001,0,27,86,107,0,0,0,Male,Business and Management,First,19,Based on 'lucky' numbers/ numbers with meaning. 
211111_1151,7,2,5.73,1,0,0,-59,0,-59,0,0,0,0,90,125,0,0,0,Female,Politics Philosophy and Economics,Second,24,I thought that at least two of  the other players would choose high numbers to get high results. I thought that choosing 0 would mean that I would likely be one of the players with the lowest results and thus would earn 5.73 with no costs. 
211111_1151,8,2,10.78,1,80,0,29,0,109,0,2.8399999,0,0,73,105,0,0,1,Female,Psychology,Third,21,"I looked at the example sheet, and then decided i wanted to earn at least £10 so I didn't want to select a number higher than 90, and I decided if i picked a low number my chances of being in teh top two were slim "
211111_1151,9,3,0.25,1,111,0,-36,0,75,0,5.48,0,90,125,65,0,0,0,Female,Accounting,Fourth,21,"Since the pronbability to have the highest result increases with a higher decision number, I went with 111. I did not go with 125 due to the probability that I might recieve -60 as my random number, and therefore would have higher costs."
211111_1151,10,3,1.37,1,99,0,-16,0,83,0,4.3600001,0,73,102,120,0,0,0,Female,Accounting and Finance,First,18,I just selected a random number above 60 that came into my head 
211111_1151,11,3,10.02,1,90,0,58,0,148,0,3.5999999,0,0,30,100,0,0,1,Male,financial analysis and fund management,MSc,23,"Guess others may choose. Blance the cost and return. I like higher return so i choose a big number in case that if my random number is not so high, i may also have the chance to be the higher two people. "
211111_1151,12,3,11.44,1,70,0,27,0,97,0,2.1800001,0,100,90,80,0,0,1,Male,Economics and Finance,Third,20,I chose a number that wasn't either too high or too low and hope for a higher random number
211111_1151,13,4,5.02,1,40,0,-51,0,-11,0,0.70999998,0,3,125,67,0,0,0,Female,Archaeology,Third,20,"If 40 gave me one of the lower scores, I would still make £5. If the computer gave me a high score I also had a chance to get one of the higher scores."
211111_1151,14,4,11.32,1,72,0,44,0,116,0,2.3,0,88,61,43,0,0,1,Male,FAFM,MSc,24,by calculating the marginal benefit
211111_1151,15,4,9.3500004,1,98,0,-52,0,46,0,4.27,0,100,125,75,0,0,1,Male,Economics & Spanish,First,18,"My lucky number is 27 so I subtracted it from 125 to get 98, which incidentally had a cost of £4.27! Also I wanted quite a high number to mitigate against being drawn a negative random number."
211111_1151,16,4,3.23,1,75,0,-49,0,26,0,2.5,0,62,113,50,0,0,0,Female,Psychology,Third,20,"To come to my decision, I picked 75 as I knew I would still make £3 even if I lost, which is the price of the coffee I bought this morning, I also knew that I wasn't going to result in a negative number if i got randomly generated -60\r\nI figured other people would go down the middle and guessed the one person would go high but no one would go higher than 5.73 as they wouldn't make any money "
211111_1256,1,1,6.4200001,2,113,5,11,-49,124,-44,5.6799998,0.01,80,50,3,3,0,1,Male,Economics and finance,Second,19,I did some quick maths and as an estimate I could afford to guess up to number 113 which had a cost of nearly the price of stage 1 loosers. For stage 3  I didn't want to spend that much money so I chose 5 and hoped for another positive random result (WHICH WAS QUITE UNLIKELY).
211111_1256,2,1,3.73,2,67,0,-29,0,38,0,2,0,80,70,60,90,125,0,Female,"BA Politics, Philosophy and Economics",First,17,"I knew that if I was to make it to round 2, I would need a higher number in round 2, therefore at a higher cost. I decided that I was satisfied with the minimum I could get with 67 for round 1, and decided I would make the cost higher if I managed to make it to round 2. I didn't want the cost to be too high as I knew part of the experiment was a matter of pure chance due to the random number."
211111_1256,3,1,14.39,2,95,60,58,3,153,63,4.0100002,1.6,90,80,50,80,0,1,Male,Economics,Third,22,...
211111_1256,4,1,3.0899999,2,77,0,5,0,82,0,2.6400001,0,30,61,108,108,125,0,Female,Economics and Finance,Second,19,Weighed the risk of choosing a higher number vs the financial reward it would give me at the end. Choose a fairly average number in the set.
211111_1256,5,2,5.75,2,99,67,9,12,108,79,4.3600001,2,68,100,35,100,0,1,Female,PPE,Third,20,It was mosly luck.\r\nI wanted to be in the 2nd and the diffference between 2nd place and 3rd place is more than my costs so U was fine with it.
211111_1256,6,2,2.52,2,85,0,-16,0,69,0,3.21,0,90,70,75,80,90,0,Female,Economics,First,20,"I went for 85, hoping to keep costs fairly low, but not be able to end up with a negative number. "
211111_1256,7,2,12.8,2,90,90,8,4,98,94,3.5999999,3.5999999,100,50,125,125,0,1,Female,Economics with Econometrics ,First,19,"I chose a number which would still leave me with a positive decision number, however wasn't too high so wouldn't reduce my income enormously."
211111_1256,8,2,4.3899999,2,55,0,-11,0,44,0,1.34,0,106,95,62,27,121,0,Male,economics,First,17,for stage 1 I choose 55 so that I dont lose much if I didnt make it into the 2nd round.
211111_1256,9,3,1.72,2,95,0,-26,0,69,0,4.0100002,0,67,94,82,94,82,0,Female,marketing and management,Third,22,I hoped to get to round two with a strategy to earn above the 12.11 but having the highest possible numbers... random computer number disagreed
211111_1256,10,3,3.8099999,2,81,110,55,-58,136,52,2.9200001,5.3800001,60,100,110,125,0,1,Male,BSc Economics and Finance,First,19,"For round 1, I wanted to pick a number above the median range number yet less than half the cost in pounds which led me to arrive at my number.\r\nRound 2, I felt like maximising out in order to guarantee the 20 and forgot to think about the consequences of falling short."
211111_1256,11,3,1.72,2,95,0,-13,0,82,0,4.0100002,0,110,60,88,75,66,0,Male,bcs economics ,First,19,"i went high in the frist round so that i would make it through to the second round, adn there i was planning to go slightly lower, hoping luck woul be on my side and hoping i would get a higher payout. i was kicked out in the first round."
211111_1256,12,3,8.4399996,2,114,114,33,13,147,127,5.7800002,5.7800002,100,110,125,125,0,1,Female,ppe,Third,20,"I decided that the experiment wouldn`t create a negative payment and since the minimum payment was 5, 73 I went for the number that cost more than this. I then stuck to that number in the second stage"
211111_1256,13,4,3.73,2,67,0,0,0,67,0,2,0,100,50,75,50,80,0,Female,Economics and Politics,First,17,I wanted to chose a decision number that wasn't too high so it woudn't give me a large cost and not too low that I had no chance to have one of the highest scores
211111_1256,14,4,4.4000001,2,103,82,-4,-51,99,31,4.7199998,2.99,40,70,100,50,0,1,Male,Economics,Second,19,Through the streatham court centre.
211111_1256,15,4,8.0299997,2,113,119,-6,9,107,128,5.6799998,6.29,113,100,112,119,0,1,Male,BA Politics and Sociology,Second,18,"Did some maths and yielded the maximum amount of costs i could - maximising utility, in other words"
211111_1256,16,4,2.4400001,2,86,0,-35,0,51,0,3.29,0,100,80,95,50,45,0,Female,Economics,Second,20,I chose higher on the first choice but anticipated how much money i would be losing if i did not make it to the second round
211111_1353,1,1,2.74,2,82,0,7,0,89,0,2.99,0,50,125,69,125,0,0,Male,Politics,Fourth,21,I tried to ignore the intense diminishing returns of the higher sections and picked something middling - but got screwed over by other participants picking high numbers of by the RNG 
211111_1353,2,1,12.79,2,100,79,-9,19,91,98,4.4400001,2.77,0,100,80,0,0,1,Female,Business Management,Fourth,21,chose high at the beginning to ensure i got into second stage and the worked out how much i would be happy with losing from the 12.11 from the second stage
211111_1353,3,1,7.73,2,99,7,-2,44,97,51,4.3600001,0.02,77,60,50,20,0,1,Female,Philosophy,First,20,"I decided to choose a larger number in the first round, in order to reduce the money lost as much as possible. Then in stage 2 I chose a low number to continue working the extremes and see if the opposite technique worked to reduce the reduction in my overall result"
211111_1353,4,1,5.73,2,0,0,35,0,35,0,0,0,0,100,0,0,125,0,Male,Business and Management,First,18,"Since the other group members in my group were unknown to me, I was unable to gage how I think they would react to the experiment (IE: would they be tempted to go high by the 20 pound reward or would they realise the outcome would be almost the same either way due to the costs). Therefore I decided to hope that RNG would be on my wide and give me a negative number if I chose 0. I also chose this due to the fact that if I don't get lucky I'm still going home with the maximum runner up prize. I was hoping that at least one person would try and go high so that my chances of getting lucky for the low number increased. "
211111_1353,5,2,7.1100001,2,75,75,59,-21,134,54,2.5,2.5,25,0,100,100,0,1,Male,Economics BSc,First,19,"I thouht that if I picked 75, then it is a middle ground where I am putting enough in so that if the computer gives me a large random number, then I am sure to go to the next stage. Any higher, if the computer gave me a low number then it may strip me of all my earnings but any lower and I probably won' t make it to the next stage"
211111_1353,6,2,3.0899999,2,77,0,18,0,95,0,2.6400001,0,70,50,80,80,90,0,Female,English and Film,Third,21,I thought I should do a high number but not too high
211111_1353,7,2,12.6,2,105,75,13,12,118,87,4.9000001,2.5,50,0,100,100,0,1,Male,business and management,Second,20,wanted to get more than 12.11 so made sure to choose hiigh numbers for stage 1 and a smaller one for stage 2 but still over half of 125 (i chose 75)
211111_1353,8,2,4.6599998,2,49,0,-57,0,-8,0,1.0700001,0,40,64,115,94,66,0,Male,Financial Analysis and Fund Management,MSc,22,"The minimum income I wanted to obtain at the end of the experiment was £4. Therefore, my main goal was not to pick a number with a cost higher than 1.73. I decided to be in the middle of the costs and thought that £1.07 would be fine. Also, I kept in mind the fact that my score was 50% dependant on the random number drawn by the computer. As result, my thinking was that even if I choose a high number the computer can still pick a high negative number so I decided to stay on the safe side and earn at least the £4 assumed at the beginning.  "
211111_1353,9,3,5.1700001,2,125,1,25,-24,150,-23,6.9400001,0,125,125,125,1,0,1,Female,Business and management ,First,19,based my decisions off of how much the decision numbers correlate to the cost in pounds 
211111_1353,10,3,1.2,2,101,0,-8,0,93,0,4.5300002,0,90,100,125,125,125,0,Female,Biological Sciences,MSc,21,"I picked a relatively high number, but not with the highest cost."
211111_1353,11,3,13.56,2,90,80,31,20,121,100,3.5999999,2.8399999,50,85,70,70,0,1,Female,Law,Fourth,22,"I decided to use a higher decision number for the first round as it was important to get into the second round as this had a significantly higher payoff. I think wanted to win the second round but bidded slightly lowers, as I still wanted to have a sufficient payout"
211111_1353,12,3,3.03,2,78,0,-29,0,49,0,2.7,0,120,0,80,120,65,0,Female,History and Ancient History,Third,20,"I choose a number with the cost lower than 5.73, so that I can receive some moeny at least. Yet, I still try to choose a larger number in order to try to get into stage 2. I don't know what is the random number ,which may be a negative number so I did not choose a number that is too large. "
211111_1353,13,4,4.6199999,2,50,0,-38,0,12,0,1.11,0,100,60,20,100,90,0,Female,Economics ,Third,20,decided not to risk in first round to guarantee around £5 and leave it to the random numbers
211111_1353,14,4,3.49,2,108,88,10,-36,118,52,5.1799998,3.4400001,24,7,69,120,0,1,Female,marketing management,First,19,"wanted to choose higher numbers as they were related to higher costs, after that just personal preference. "
211111_1353,15,4,2.1300001,2,90,0,-1,0,89,0,3.5999999,0,97,98,80,80,85,0,Female,History,Third,20,"i tried to made a descision based on logic, with what would be the safest choice."
211111_1353,16,4,12.91,2,73,103,18,44,91,147,2.3699999,4.7199998,34,88,105,95,0,1,Male,Financial Analysis and Fund Management,MSc,29,Intiutive
211111_1457,1,1,3.4300001,2,72,0,23,0,95,0,2.3,0,60,80,50,110,125,0,Male,Economics,First,19,Was not too costly while maintaining a reasonable chance at winning as long as the rest of the group didn't all pick the highest options. 
211111_1457,2,1,6.4899998,2,91,66,49,-39,140,27,3.6800001,1.9400001,100,125,50,90,0,1,Female,Economics,MSc,21,"I came to the decision to select 91, by thinking that even if it's subtracted by 60, I would still have a positive value and the cost of 91 was less than 4 pounds in the first round and in the second round i selected 66 to incur cost close to 5 pounds "
211111_1457,3,1,1.11,2,102,0,-37,0,65,0,4.6199999,0,24,87,125,89,113,0,Female,business and managment,Second,20,just randomly chose a decision
211111_1457,4,1,9.3800001,2,91,125,17,-11,108,114,3.6800001,6.9400001,85,109,125,40,0,1,Male,business manage ment,Second,19,"on the first I went averge high to get chosen, on the second one i wanted the 20 pounds and went the highest."
211111_1457,5,2,11.12,2,100,100,54,35,154,135,4.4400001,4.4400001,75,89,105,100,0,1,Male,mathematics with finance,First,18,picking 100 was obviously a high number and i calculated that if i pick a high number i'd still get more money than the person who came second so i might as well go for it
211111_1457,6,2,5.5999999,2,95,75,55,-35,150,40,4.0100002,2.5,106,62,90,52,0,1,Male,Economics,Third,20,Went big to get into second round. Then went for a more conservative answer in second round that had high odds of doing well but didnt take too much of my total. Thank you was fun to do!
211111_1457,7,2,3.73,2,67,0,-24,0,43,0,2,0,40,60,80,100,80,0,Female,Marketing and Management,First,19,"I decided what the maxiumum loss I would be willing to take was, and chose that number. I wanted it to be relatively high so that I would hopefully make it into the top two in the group, yet the random number didn't help."
211111_1457,8,2,2.8099999,2,81,0,-46,0,35,0,2.9200001,0,125,103,0,0,100,0,Male,business,First,19,I think it depended a lot on luck (the random number) so it was probably safer to choose a lower number wth less cost and guarante 5 pounds of income. Rather nthan paying for a high number and tunning the risk of not getitng to the 2nd stage\r\n
211111_1457,9,3,3.97,2,63,0,-44,0,19,0,1.76,0,1,62,63,78,80,0,Male,Bsc Economics with Econometrics ,First,18,"I chose my number based on its position on the table, which just about marked the halfway point. This decision also had a low cost "
211111_1457,10,3,6.71,2,78,78,5,30,83,108,2.7,2.7,60,70,90,80,0,1,Male,Business Economics,First,18,"I believed that the majority of my group would likely chose numbers beneth 70 in the first stage in order to try and maximise their earnings. I also believed there would be one member of my group who chose a number far higher than mine. Furthermore, £2.7 is little to pay."
211111_1457,11,3,2.74,2,82,0,-22,0,60,0,2.99,0,100,60,45,0,0,0,Female,maths,First,18,"a balance between a high number and not ne that had such a large cost- i didnt like this experiment it was essentially slave labour, as i got paid £2 for more than half an hours worth of work."
211111_1457,12,3,7.6100001,2,115,121,30,2,145,123,5.8800001,6.5100002,125,125,105,125,0,1,Female,Creative Writing,MSc,36,"Since we're receiving at least 5 pounds for the experiment, and I'd confirmed we wouldn't receive negative pay regardless of our decisions, I wanted 1) the chance to move on to Round 2, without stingily counting the costs that'd be taken out of my small winnings, and 2) the rush of 'winning' over all, even though it doesn't maximise my winnings."
211111_1457,13,4,-0.50999999,2,113,125,26,-49,139,76,5.6799998,6.9400001,113,112,113,125,0,1,Female,Economics,MSc,24,FOR THE FIRST STAGE I CHOSE FOR A NUMBER WHERE ICOULD NOT GET A NEGETIVE INCOME THAT MEANS SOMETING WHICH COAST BELOW £5.73. SO I CHOSE 113. sINCE I GOT INTO SECOND STAGE I CHOSE THE HIGEST  NUMBER.
211111_1457,14,4,2.1300001,2,90,0,-56,0,34,0,3.5999999,0,25,78,112,40,35,0,Female,Economics,First,18,I thought it would be worth going for a higher number and playing riskier due to the fact that there was only one round and the payoff from making it to the second round would be substantially larger than not making it at all despite having to pay the higher costs 
211111_1457,15,4,11.98,2,95,95,46,44,141,139,4.0100002,4.0100002,88,106,0,125,0,1,Male,economics and politics,First,22,"assumed a normal distribution of random numbers. picked the decision number slightly above 50% to beat most players (would have picked 106 as it would have beat 66% of players assuming normal distribution, but was too expensive so went with 95)."
211111_1457,16,4,2.21,2,89,0,1,0,90,0,3.52,0,108,22,73,107,92,0,Female,business management ,Second,20,i just randomly pick a number which is not too high and n9ot too low. In order not to get a minus result and not exceeding any the cost over 5.73.
211112_0940,1,1,-0.34999999,2,117,0,-55,0,62,0,6.0799999,0,125,1,63,125,125,0,Male,Economics,Third,20,Thought about average random number (if normal distribution) and what others would likely pick.
211112_0940,2,1,5.3299999,2,30,0,-49,0,-19,0,0.40000001,0,4,25,60,62,88,0,Male,Marketing & Management,First,19,"I chose my decision number of 30 because I wanted to go roughly halfway between zero and the halfway mark. In hindsight, I wish I went closer to the halfway mark now!"
211112_0940,3,1,8.1099997,2,71,63,26,-60,97,3,2.24,1.76,64,83,40,80,0,1,Female,Accounting and Finance,Third,21,"I selected 71 at the begining as I felt it was an appropriate risk to get into the second round and if I had gotten a random number that had lowered my score significantly, I would walk away with at least more than half of the possible money I could get if I didnt get to the second round. I got into the second round and chose 63 as my decision number because I wanted to make at least 8. I was unlucky in this instance and got a random number of -60 so, I lost but got an amount that I would be happy with."
211112_0940,4,1,9.4399996,2,108,110,30,-13,138,97,5.1799998,5.3800001,125,98,113,105,0,1,Female,BSc Mathematics with a Year in Industry,Second,19,I decided that picking a higher number was worth the higher cost as i was more likely to make it through both stages
211112_0940,5,2,8.0699997,2,83,47,17,-54,100,-7,3.0599999,0.98000002,48,10,100,15,0,1,Male,BSc Business and Management,First,20,"Decision making process - The benefit of making it past the first round seemed greater than losing within the first round and so i was inclined to go for a higher number, but wanted to balance this by not going too high that it would adversely affect my costs\r\nFor round 2 I didn't feel as strongly about passig onto the next round and so i went with a more consevative decision number in the hope that my opponent would go lower than me, although i was also majorly affected by the random number in this case"
211112_0940,6,2,14.08,2,52,103,58,4,110,107,1.2,4.7199998,52,95,103,103,0,1,Female,Maths,Third,21,"For first round, I was slightly more conservative, when I reached the second round, I roughly doubled my decision number."
211112_0940,7,2,0.55000001,2,108,0,-11,0,97,0,5.1799998,0,120,50,90,115,121,0,Male,Business Economics,Third,24,"I wanted a number that was not too high because of the costs and random number.  At the same time, I did not want a number too low as I wanted to be in the second around. "
211112_0940,8,2,5.73,2,3,0,21,0,24,0,0,0,125,30,97,85,110,0,Female,Classics and Philosophy,Second,21,"I did not want to risk receiving less than the 5.73, so chose 3 as it was higher than 0 but still did not have any associated costs"
211112_0940,9,3,3.03,2,78,0,-24,0,54,0,2.7,0,114,114,63,121,125,0,Male,History,Second,19,"When halving the decision number I rounded up to get 63. A t this point the cost is increasing by 0.06 for every 1 for the decision number. I therefore went down the table until I found the last increase of 0.06, which occurred up to 78. Thus I picked 78"
211112_0940,10,3,5.75,2,110,47,48,29,158,76,5.3800001,0.98000002,98,61,25,50,0,1,Female,Economics and Finance,First,18,For the first  stage I just wanted to make sure that I would be able to get onto the second stage as I thought pretty much no matter what if I can get onto the second stage I will earn more than if I only complete the first stage. In the second stage I saw how much I had spent on the first stage so I picked a smaller number.
211112_0940,11,3,15.24,2,69,77,38,59,107,136,2.1199999,2.6400001,125,75,55,70,0,1,Male,BSC Accounting and Business,Third,20,I came to conclussion that numbers areound 70ish would be the highest.
211112_0940,12,3,5.7199998,2,5,0,26,0,31,0,0.01,0,0,10,12,85,99,0,Male,Business Economics,Third,20,I randomly decide on the decision number with the lowest possible cost since each of the players in this experiment wanted to maximise their profits or revenue.
211112_1222,1,1,0.63999999,1,107,0,-11,0,96,0,5.0900002,0,98,70,110,0,0,0,Male,Psychology,Second,19,"I wanted to get the lowest number possible to still be in the top 2. I arrived at 107 which I thought would be a good trade-off between not too expensive and still quite likely to be in the top 2, yet my random number of -11 was enough to put me in the bottom two. I knew the risks of using an expensive number and losing, and I accepted that a bonus of 62p was a risk I was willing to take. If it had paid off, I would have won a bonus of £8."
211112_1222,2,1,11.86,1,63,0,59,0,122,0,1.76,0,34,90,20,0,0,1,Female,psychology ,Second,19,"i just chose it randomly, i couldnt decide so i chose the middle numbers "
211112_1222,3,1,10.02,1,90,0,11,0,101,0,3.5999999,0,125,100,1,0,0,1,Female,Engineering,Fourth,22,chose high \r\nbut wanted to reduce deduction so not too high \r\nhopping to be lucky with randoom draw to put me into top two
211112_1222,4,1,5.73,1,0,0,57,0,57,0,0,0,125,100,63,0,0,0,Male,Business,Second,19,I based my decision on the less cost
211112_1222,5,2,9.7799997,1,93,0,8,0,101,0,3.8399999,0,90,65,110,0,0,1,Female,psychology,First,18,"i thought 90 was the best option as it meant i could still get above £10 and i would also have been happy to get above £2 if i lost, then i chose 93 at the end because i thought it should be a little higher."
211112_1222,6,2,5.02,1,40,0,-60,0,-20,0,0.70999998,0,79,50,88,0,0,0,Male,BSc Business and Management with Industrial Experience,Fourth,21,I choose 40 due to my goal of wanting to earn £5 and 40 allowed me to achieve that goal no matter which random number I was allocated.
211112_1222,7,2,8.8999996,1,103,0,34,0,137,0,4.7199998,0,125,113,0,0,0,1,Female,Business and Management,Second,19,I wanted to leave with minimum 1 pound in the worst case and I chose the higher number knowing that
211112_1222,8,2,3.3,1,74,0,18,0,92,0,2.4300001,0,103,63,89,0,0,0,Female,Management ,MSc,21,thought not to go too high so just stay in the middle 
211112_1222,9,3,9.8599997,1,92,0,38,0,130,0,3.76,0,37,121,74,0,0,1,Female,Sociology,Third,21,"I came in with nothing, so i had nothing to loose - i chose relatively high but not too high "
211112_1222,10,3,6.79,1,124,0,32,0,156,0,6.8299999,0,125,124,124,0,0,1,Male,financial analysis and fund management,MSc,27,"From the instruction, the expected number of random number is zero. On the other hand, my earnings will be higher if I am one of the top two than being one of the last two (I have not calculated for that but only have time to think at first sight). So people owuld choose the max number , i.e. 125. So I need to choose the second large number to reduce the cost. That is the reason for 124."
211112_1222,11,3,-0.15000001,1,115,0,-17,0,98,0,5.8800001,0,62,88,121,0,0,0,Female,Psychology,Second,19,It was just random picking since the random number generated would be the deciding factor. Just went with a higher number to increase my chance of getting the highest score even if the random number I got was -60. 
211112_1222,12,3,3.1600001,1,76,0,-36,0,40,0,2.5699999,0,105,87,112,0,0,0,Female,Neuroscience,Fourth,21,"Thought to aim for the higher mid-range, but was not expecting such a negative random number (-36)"
211116_1022,1,1,3.03,2,78,0,-58,0,20,0,2.7,0,50,94,23,125,99,0,Male,Economics,Second,20,"considering the lowest income was 5.73 - the cost, I was willing to tolerate a minimum of 3 pounds of income, so the highest number that permitted me to get roughly this was 78."
211116_1022,2,1,5.0700002,2,89,89,56,-32,145,57,3.52,3.52,73,91,106,106,0,1,Male,Economics,First,18,"Decided it was going to be mostly decided by luck, however choosing a number of 89 each time gave a good trade off between potential total earnings and chances of winning. "
211116_1022,3,1,12.91,2,73,103,42,60,115,163,2.3699999,4.7199998,105,88,34,52,0,1,Male,finance and investment,MSc,24,"i chose high cost assocated decision number with the motivation to get the best results, in both the rounds. "
211116_1022,4,1,2.52,2,85,0,-24,0,61,0,3.21,0,60,90,70,90,85,0,Male,PPE,First,20,"If i wanted to win the experiement but also win a fair amount of money, i was willing to spend 7 pounds over the course of both stages. I therefore chosedecision number 85 (3.21) one stage one and intended to choose 92 on the next round. I lost the round thanks to the computer."
211116_1022,5,2,3.8499999,2,65,0,-53,0,12,0,1.88,0,1,113,60,1,20,0,Male,Georgaphy Ba,First,18,Picked my decision number based upon what i thought was an acceptable amount to risk if I lost in the first round and only made £5.73.
211116_1022,6,2,5.73,2,0,0,-50,0,-50,0,0,0,0,100,125,0,100,0,Male,Economics,First,18,"Realised random element was significant and was happier to guarantee 10.73. Assumed at least 2 other students would go big for the 20.00, so unlikely to win more likely to incur large costs which eat into income."
211116_1022,7,2,5.5,2,105,62,-52,-44,53,18,4.9000001,1.71,90,50,70,50,0,1,Male,Mathematics,Third,21,"Pick high number first to gurantee min payout of £12. Also tried not to exceed a total cost for the 2 numbers of £7, so the payouyt from making it to the second stage will be better than picking number 1 twice and crashing out in the first stage. "
211116_1022,8,2,10.66,2,100,105,-16,-24,84,81,4.4400001,4.9000001,65,110,40,40,0,1,Female,Financial Analysis and Fund Management,MSc,30,1st Stage was a combination of my dad's age and mine. The 2nd stage was just adding 5% to the initial decision.
211116_1336,1,1,5.8099999,2,90,78,37,34,127,112,3.5999999,2.7,60,120,82,0,0,1,Male,accounting and finance,First,18,"guessing how risky it'd be to get to the second round, and then how much it'd cost for me to have a higher number."
211116_1336,2,1,13.94,2,78,87,25,52,103,139,2.7,3.3599999,69,100,75,10,0,1,Male,Business Economics,First,18,Didnt want to go below 3£ in first stage then 6£ in second stage so entered highest possible number that allowed this.
211116_1336,3,1,3.03,2,78,0,-49,0,29,0,2.7,0,100,50,75,100,50,0,Female,Mathematics,Second,19,"I knew what the minimum amount of money is that I wanted, £8.00, and went with the numbers that gave me that. But tried to pick a fairly high number too."
211116_1336,4,1,4.5300002,2,52,0,-43,0,9,0,1.2,0,60,73,105,103,3,0,Male,Business,First,18,Using the cost table
211116_1336,5,2,12.04,2,99,90,57,42,156,132,4.3600001,3.5999999,75,105,0,0,0,1,Male,Business and Management,First,19,"well i realised that if i make it to round two i can of course make more money. so i went pretty high eith 99 in the first, and got through. In the second round if i put 0 i woulld have lost but lost no money in theat round, but the difference between 1st and 2nd is nearly 8 pounds, so i chose 90, meaning my total loss if i won was less than if i had put 0."
211116_1336,6,2,4.23,2,58,0,-45,0,13,0,1.5,0,90,31,40,60,78,0,Female,Mathematics,Third,21,"I just chose a number with reasonable cost so that if I didn't succeed to stage 2, I didn't lose too much, but it was high enough that there was a possibility of going to stage 2."
211116_1336,7,2,6.0500002,2,51,105,39,-1,90,104,1.16,4.9000001,0,79,43,125,0,1,Female,Finance,MSc,22,balance of risk and stability
211116_1336,8,2,5.5999999,2,17,0,31,0,48,0,0.13,0,0,100,50,10,100,0,Female,Applied Data Science and Statistics,MSc,22,"I chose 17 as my initial number, because I figured that, if people were smart enough to choose a lower number, then that would mean that my number might be slightly higher but I won't lose too much money if I lose. For the predictions, I chose them based on position within the table, with an element of which numbers I found the most aesthetically pleasing."
211116_1336,9,3,7.4899998,2,75,69,36,-60,111,9,2.5,2.1199999,60,100,90,125,0,1,Male,data,Third,21,"risk based, it ultimatly depends on the random number otherwise i would have been bes off in the last round going for 125, but i knew he number could be low anyway and cost me everthing."
211116_1336,10,3,4.6199999,2,50,0,-52,0,-2,0,1.11,0,75,39,120,36,100,0,Female,Business Economics,Third,20,Play safe
211116_1336,11,3,13,2,82,95,17,-21,99,74,2.99,4.0100002,0,82,101,110,0,1,Male,Mathematics,Fourth,23,The value of winning was far greater than the value of not so was agreesive to make sure I won. Can see it got exponentially more expensive to pick higher numbers so went for the higher but not higher ends of £3 and £4 cost.
211116_1336,12,3,5.5999999,2,17,0,37,0,54,0,0.13,0,125,0,3,125,3,0,Male,Economics,First,18,Tried to minimise losses with a chance of making second round
211116_1508,1,1,10.35,2,63,0,33,14,96,14,1.76,0,40,120,0,0,0,1,Male,Economics,Second,19,"I didnt want to use all of the £5.73 to gamble and potentially get none of it because of the random number. So i chose at a level which i thought was a good balance. After getting to stage two, i was happy with a minimum of 10.35 and so i didnt choose a cost so it could stay at that level."
211116_1508,2,1,5.02,2,40,0,6,0,46,0,0.70999998,0,30,40,50,60,75,0,Male,Financial Technology,MSc,22,Chose 40 as i was guaranteed at least £5 even if i lost the first round (which i did).
211116_1508,3,1,15.32,2,75,70,53,-35,128,35,2.5,2.1800001,60,80,100,0,0,1,Female,ECONOMICS WITH ECONOMETRICS,Third,22,DECIDED TO OPT BETWEEN 70-75. THE OPPORTUNITY COST FOR THE 2ND STAGE WAS TOO HIGH TO OPT FOR A VALUE ABOVE 50 SO IT MADE SENSE FOR THE 2ND PLAYER TO CHOOSE A LOWER VALUE GIVEN THE CRITICAL LOSS FOR STAGE 1 - TAKING ADVANTAGE OF FEAR OF LOSING MORE ESSENTIALLY.
211116_1508,4,1,4.9099998,2,43,0,-25,0,18,0,0.81999999,0,40,111,100,10,99,0,Female,Exercise and Sports Science,Third,21,I did not want to risk losing a larger sum of money 
211116_1508,5,2,11.9,2,125,51,-57,40,68,91,6.9400001,1.16,80,88,105,80,0,1,Male,Computer Science,Second,20,"125 was a rushed decision, should have chosen something between 90 and 105. And then for stage 2 I chose something that was high and wouldn't cost too much"
211116_1508,6,2,5.3600001,2,29,0,-19,0,10,0,0.37,0,1,125,100,100,50,0,Female,N/A,MSc,50,I went for dates that meant something to me rather than based on monetary amounts on the table
211116_1508,7,2,10.24,2,40,51,55,-51,95,0,0.70999998,1.16,51,25,80,60,0,1,Female,Finance and investment,MSc,23,"Firstly, I just think that the other group members may choose to make sure they have more pay, so they will choose the lowest the number as their decision, but maybe not, so I choose the medium number of them. The second part , sorry I didn't take so much consideration."
211116_1508,8,2,2.8900001,2,80,0,-50,0,30,0,2.8399999,0,90,22,93,10,20,0,Female,Economics and Politics,First,19,"First decided how much I was willing to lose if I didn't make it to the second round, so the highest number I would be willing to pick and picked that hoping to get to the second round"
211116_1508,9,3,1.2,2,101,0,-38,0,63,0,4.5300002,0,100,105,75,75,50,0,Female,Accounting and Finance ,Third,20,Random 
211116_1508,10,3,2.96,2,79,0,-50,0,29,0,2.77,0,42,36,4,89,72,0,Female,MSc Financial Economics,MSc,23,"An absolute random guess, because the computer picked number is a complete surprise!"
211116_1508,11,3,13.19,2,85,90,-19,37,66,127,3.21,3.5999999,100,90,75,85,0,1,Female,Psychology,Third,24,I wanted to pick lower numbers for decision costs had had to adjust for others picking higher numbers irrespective of loss from cost. I also wanted to figure cost benefit so I'd rather earn 20-x = more than 12 than 12-x = something else
211116_1508,12,3,3.01,2,95,107,-13,-36,82,71,4.0100002,5.0900002,80,70,0,100,0,1,Male,economics,First,18,statistics
211116_1508,13,4,10.76,2,72,125,32,9,104,134,2.3,6.9400001,100,58,90,102,0,1,Female,Computer Science,Second,19,By looking at the random numbers that came up on the examples
211116_1508,14,4,2.02,2,117,95,-14,-15,103,80,6.0799999,4.0100002,125,106,95,82,0,1,Male,Accounting and Finance,First,17,I went for a high cost for the first stage but a lower cost for a second stage.
211116_1508,15,4,3.3599999,2,73,0,-45,0,28,0,2.3699999,0,73,105,88,103,95,0,Female,FINANCIAL ECONOMICS,MSc,23,By choosing the highest result for the decission maker
211116_1508,16,4,5.5300002,2,21,0,35,0,56,0,0.2,0,125,100,70,125,100,0,Female,Accounting and Finance,Third,21,"i chose a relatively low nmber because i was counting on other members getting high negative numbers, and regardless of me proceding to stage 2 i would still get£5.73 with a low cost incurred rather than picking high numbers with high cost and risking losing\r\n"
211118_1057,1,1,8.3400002,1,109,0,51,0,160,0,5.2800002,0,63,105,84,0,0,1,Female,BSc Biochemistry ,Third,19,I wanted to go for more than ten pounds (upon leaving the exp) because I could have just put my desciion number as 1 but I wanted more so I went for a number that would be just maybe too high for peoples comfort in order to ensure I was in the top 2 (I think some people may haven chosen lower number because if they were in the bottom tier they didn't want that number subtracted from 5.73. 
211118_1057,2,1,5.02,1,40,0,-26,0,14,0,0.70999998,0,0,60,30,0,0,0,Male,Economics,First,18,I wanted to get at least 5£ and also the higher the number you pick the higher cost it has to you with no guarantee of being the highest payoff
211118_1057,3,1,7.54,1,117,0,57,0,174,0,6.0799999,0,100,85,125,0,0,1,Female,Mechanical Enginnering,Fourth,22,"I decided that a number over 60 was required in order to be safe if the random number chosen was -60. In order to increase my chances of being one of the higher two earners I decided to choose a higher number, but not 125 as that cost amount (£6.94) would then lose me money as it would be subtracted from the 13.62. Therefore I chose a mid way between 60 and 125 of 117. "
211118_1057,4,1,2.1300001,1,90,0,49,0,139,0,3.5999999,0,60,125,90,0,0,0,Male,"Politics, philosophy and economics",Third,21,Did the amount that would get me 10 pounds of profit. As some of the result was down to luck I wasn't too fussed about securing the higher amount
211118_1057,5,2,3.23,1,75,0,3,0,78,0,2.5,0,101,55,80,0,0,0,Female,"Politics, Philosophy and Economics",First,19,"Figured my choice was a somewhat safe option, as cost wasn't super high but the decision number still had a chance to be one of the highest two."
211118_1057,6,2,9.6899996,1,94,0,28,0,122,0,3.9300001,0,45,12,63,0,0,1,Female,Law,First,19,i chose a higher number so even with a deduction it is at a decent cost. A higher number seemed like a safer option for me and similarly i chose numbers above a 20-30 range for guessing other participants answers. 
211118_1057,7,2,4.75,1,47,0,-6,0,41,0,0.98000002,0,70,88,125,0,0,0,Female,psychology,Third,20,"i picked a decision number that i perceive to have a low enough cost that when it gets substracted from the final, i won't lose as much. but i also made sure it wasn't very low. basically, i made my decisions based on the safest possible choice form my perspective. i thought other people in my group would do the same, but choose a higher number."
211118_1057,8,2,11.86,1,63,0,29,0,92,0,1.76,0,73,98,60,0,0,1,Female,business marketing and management,First,19,i went with a number around 60 as the cost of my decision wasn't too damaging even if i got a lower number
211118_1057,9,3,10.02,1,90,0,38,0,128,0,3.5999999,0,0,125,110,0,0,1,Male,Economics,First,19,"Trying to get in the top two scores in the group, without wasting too much possible payoff with higher decision numbers. Essentially, giving myself a chance of a payoff of around £10 at a cost of a potential actual payoff of £2, rather than accpeting a payoff of £5.73 by choosing 0 as the decision number. "
211118_1057,10,3,7.7399998,1,115,0,42,0,157,0,5.8800001,0,65,90,100,0,0,1,Male,Economics,Third,20,"The difference between the higher pay off and the lower payoff is £7.89, so i was willing to pay up to that to try to ensure winning. The average effect of the random scores generated was 0, so i had no controll over that. I chose a high number to try to counter the effects of any random loss, and was willing to pay. The difference between the higher payoff at decision 125 and the lower payoff at decision 0 was £6.68, so \""winning at all costs\"" was better than taking the lower option"
211118_1057,11,3,5.2199998,1,34,0,-55,0,-21,0,0.50999999,0,34,73,105,0,0,0,Male,male,MSc,,.
211118_1057,12,3,3.8499999,1,65,0,25,0,90,0,1.88,0,0,0,63,0,0,0,Male,Economics and Finance,First,18,"I thought other will choose 0 as it didnt take any risk so I choose the number sightly higher than 60. Howover, it seems people chose a higher number or they think as same as me and I am in bad luck."
211118_1329,1,1,3.79,1,66,0,-27,0,39,0,1.9400001,0,105,1,75,0,0,0,Female,financial analysis and fund management,MSc,22,"First, because of the cost, I don't prefer to chose the big number. And consider the radom number will be negetive, I chose 66."
211118_1329,2,1,11.12,1,75,0,49,0,124,0,2.5,0,60,25,107,0,0,1,Male,economics,First,18,i had decided that if i chpose 75 a negative number would result in me getting a lowe pay off and would have made barely anything. but i assumed that people would have been fearful and chose a lower number so that they can keep whatever payoff theywould get without a large ost to them. and then with 75 if there was a large number which added to my score it wpould have garunteed me the high payoff so i would have made a good payoff regardless
211118_1329,3,1,2.1300001,1,90,0,-32,0,58,0,3.5999999,0,62,70,10,0,0,0,Male,BSc Economics,First,18,I chose 90 as my decision number because it is high and gives me a good foundation because even with a random negative number I will still be positive
211118_1329,4,1,12.76,1,44,0,45,0,89,0,0.86000001,0,125,90,60,0,0,1,Male,Criminology,First,18,Majority felt like luck so i went with a middle number that could increase the likelihood of a better calculated number but also not take too much away from the end result. So if i was unlucky i didnt lose much and if i was lucky i maximised my profits more than other people.
211118_1329,5,2,9.5200005,1,96,0,60,0,156,0,4.0999999,0,38,68,120,0,0,1,Male,Criminology,First,18,My thought process was to somewhat risk it by putting a high number as i assumed that some people would want to play it safe and stick with a low number
211118_1329,6,2,1.29,1,100,0,-21,0,79,0,4.4400001,0,63,125,100,0,0,0,Male,ECONOMICS AND FINANCE,First,18,"Chose my number as 100 is a nice, round number. While also being large in value and still leaving profit even if I get assigned lower bound. "
211118_1329,7,2,2.1300001,1,90,0,14,0,104,0,3.5999999,0,110,90,70,0,0,0,Female,Business and Management,Second,21,"I only have to be the highest 50%. There is no reason to choose an extremely high number.\r\nThe random number is between -60 to 60. This indicates that the result will be more dependent on luck than the choice of number. Therefore I can only make little difference by choosing an exetremely high number to increase the chance of winning.\r\nI was thinking of choosing 60 because of these 2 reasons above. Then, I found that intervals between numbers are not big. So I thought if I am lucky enough to be highest 2of 4 people the cost of choosing a fairly high number will not make a huge difference in the amount of money I will get. \r\nMy final decision was 90 but still I was aware that it highly depends on luck. The computerized number was 14 which is quite low so I failed. ;)"
211118_1329,8,2,11.44,1,70,0,45,0,115,0,2.1800001,0,60,65,70,0,0,1,Male,Economics,MSc,22,I just roughly went for the middle
211118_1329,9,3,2.1300001,1,90,0,-23,0,67,0,3.5999999,0,90,3,40,0,0,0,Female,Politics Philosophy Economics,First,20," I felt comfortable gaining around 4 pounds less than what I would have gained if I had chosen a decision number with 0 cost, if I had the possibility of winning around 5 pounds more."
211118_1329,10,3,7.4299998,1,118,0,-2,0,116,0,6.1900001,0,125,105,73,0,0,1,Male,fiancial analysis and fund management,First,26,I think I should get the highest scores in my group first and control the cost as small as possible.
211118_1329,11,3,7.2199998,1,120,0,-1,0,119,0,6.4000001,0,125,110,105,0,0,1,Female,Financial Analysis and Fund management,MSc,22,"Actually, if you choose the biggest number whatever the random number is , you will get the result bigger than if you choose a small number. However, not every one would like to choose the biggest number may be because the diverisfied performance of different people or afraid of the big cost. I supposed people will like numbers in different phrase but no less than 90. And I think 120 is big enough to have less people beyond it and I don't  really care about the cost, only want the result which is neither too small or to big."
211118_1329,12,3,3.23,1,75,0,32,0,107,0,2.5,0,100,114,63,0,0,0,Male,Applied Data Science,MSc,33,My priority was to minimise my cost and at the same time I tried to increase my chance for being in the first two of the group. 
211122_1350,1,1,1.29,1,100,0,-32,0,68,0,4.4400001,0,125,50,80,0,0,0,Female,business and management,Second,20,i tried to get the highest amount of points
211122_1350,2,1,3.97,1,63,0,7,0,70,0,1.76,0,125,3,3,0,0,0,Female,psychology,Second,20,kind of a middle number but actually shoukd have maybe gone for '3' becuase it was free
211122_1350,3,1,12.8,1,43,0,28,0,71,0,0.81999999,0,0,0,100,0,0,1,Male, Finance and Investment,MSc,22,I chose number with the cost of approximately 1 pound so as I have a chance to exceed the number of people who played really safe and chose 0 cost at the same time not risking too much to lose
211122_1350,4,1,7.2199998,1,120,0,4,0,124,0,6.4000001,0,125,3,124,0,0,1,Female,Geography with professional placement,Third,21,i didn't want to select the highest number as was most expensive but still wanted ot be one of the highest.
211122_1350,5,2,2.52,1,85,0,-46,0,39,0,3.21,0,52,106,72,0,0,0,Male,business management,Fourth,22,I looked at the marginal increase as the number got higher
211122_1350,6,2,9.3500004,1,98,0,52,0,150,0,4.27,0,118,64,82,0,0,1,Male,Economics,Second,22,Its best to have the second highest number. i picked a reasonably high number hoping it would stay high even with a negative random 
211122_1350,7,2,10.02,1,90,0,34,0,124,0,3.5999999,0,30,88,65,0,0,1,Female,accounting and finance,MSc,27,i want to know the procedure of the experiment
211122_1350,8,2,3.97,1,63,0,14,0,77,0,1.76,0,47,94,50,0,0,0,Female,Psychology,Second,19,.
211122_1350,9,3,5.73,1,0,0,-7,0,-7,0,0,0,95,0,90,0,0,0,Female,Business Economics,Second,21,I chose a lower number becuase the cost was lowest
211122_1350,10,3,3.6700001,1,68,0,13,0,81,0,2.0599999,0,25,50,80,0,0,0,Female,Law,Second,20,I chose the latter 2 numbers of my mother's birth year. (68)
211122_1350,11,3,10.02,1,90,0,35,0,125,0,3.5999999,0,62,30,125,0,0,1,Female,economics,MSc,34,"I calculate the payoffs for 1rd , mean and two-thirds"
211122_1350,12,3,8.7200003,1,105,0,31,0,136,0,4.9000001,0,105,73,88,0,0,1,Female,Accounting and Finance,MSc,21,I want to know how the procesure of experiment
211122_1454,1,1,6.6799998,1,125,0,-9,0,116,0,6.9400001,0,100,105,115,0,0,1,Female,Economics BCs,Second,19,"Chose the highest possible decision number to ensure I would be in top 2 and my cost would be subtracted from 13.62 pounds, since equal chnace of random number, -60 would hurt less on 125 than any other number."
211122_1454,2,1,3.3,1,74,0,-57,0,17,0,2.4300001,0,96,79,110,0,0,0,Male,hisotry and international relations,Third,21,I went for a number around the middle of the decision number list.
211122_1454,3,1,10.02,1,90,0,43,0,133,0,3.5999999,0,125,100,86,0,0,1,Male,Economics and Finance,Second,20,The decision depended on what I expected the other participants to choose. The safest bet was to choose high numbers so I tried to choose a number that is relatively high while keeping the cost not too high as well. Knowing that the computer number will have a huge impact as well it came down to taking the middle ground.
211122_1454,4,1,2.8900001,1,80,0,22,0,102,0,2.8399999,0,60,120,85,0,0,0,Male,BSc marketing and management,First,18,"the people set the price higher than i thought. i though people will consider the ramdom number they can get so they may not put the number to high, however i am wrong."
211122_1454,5,2,6.6799998,1,125,0,-37,0,88,0,6.9400001,0,125,60,125,0,0,1,Male,Economics,First,18,"To get the advantadge of case1, where more moeny could be made I would hav eto get the hgihest score. To gurantee my best chnaces of reaching this highest score I could only choose the highest possible number availble to myslef, hence 125. Once I choose 125, it was down to chnace my earnings with the randomly drawn numbers, but by choosing 125 I maximised my chances of getrting the highest earnings, my original objective."
211122_1454,6,2,1.55,1,97,0,-56,0,41,0,4.1799998,0,115,7,73,0,0,0,Female,Anthropology,Second,22,I chose a number which I thought was relatively high but not the highest possible - I thought if I chose a low number I would receive less money
211122_1454,7,2,5.73,1,0,0,-1,0,-1,0,0,0,125,125,90,0,0,0,Female,German,Third,57,"As the others are all quite young, and some seemed not to understand exactly how it was worked out, I thought I would go for zero as it then guaranteed me a reasonable return.  Betting on a high number was more risky, as I thought the others would do that so I may well end up as one of the lowest (poor return).  Going for a number in the middle of the field  seemed like a risk and for not a great return. "
211122_1454,8,2,8.3400002,1,109,0,-19,0,90,0,5.2800002,0,90,110,63,0,0,1,Female,Business Economics,First,18,"i had a clue that if i pick a high number my income would be goo however,my costwas subtracted from it"
211124_1349,1,1,3.03,2,78,0,-22,0,56,0,2.7,0,34,57,109,95,120,0,Female,PGCE history,MSc,21,I wanted to go for a relatively high number but not too high in case I didn't make it to the second stage. The exact number I chose was based on intuition and numbers that I liked once I'd decided roughly where I wanted to be cost wise. 
211124_1349,2,1,3.8499999,2,65,0,-19,0,46,0,1.88,0,60,45,50,80,60,0,Male,BSC Computer Science ,First,19,Picked the suitable number for the cost
211124_1349,3,1,15,2,75,75,-12,33,63,108,2.5,2.5,30,55,90,90,0,1,Male,Economics and Politics,First,19,"75 seemed like a wise number to choose due to the fact it is roughly in the middle, therefore the random number would not have a bad effect either way. i.e. couldn't be less than 0 but could be 125. It also has a relatively low cost"
211124_1349,4,1,8.2700005,2,93,3,29,-57,122,-54,3.8399999,0,112,73,89,56,0,1,Female,History,First,19,High number first stage low number second stage to lower spending fees.
211124_1349,5,2,6.6599998,2,85,71,45,-33,130,38,3.21,2.24,108,72,121,94,0,1,Female,Drama,Second,20,I chose larger numbers that meant something to myself and my family. 85 is my grandads age and its his birthday today. 71 is my mum's birth year and she turned 50 this year.
211124_1349,6,2,3.6099999,2,69,0,14,0,83,0,2.1199999,0,63,85,77,90,95,0,Female,Economics,Third,20,"made them cautiously, assuming I would get a bad computer generated number and would recieve 5.73 regardless."
211124_1349,7,2,1.72,2,95,0,-12,0,83,0,4.0100002,0,68,105,91,83,11,0,Female,Accouting and finance,First,19,"definitely based on the higher decisions, wanted to make sure my cost are as low as possible"
211124_1349,8,2,13.15,2,80,95,11,44,91,139,2.8399999,4.0100002,92,73,100,90,0,1,Female,Bsc Economics,Second,20,I looked at the questionnaire form provided and what kinds of numbers were the highest. I knew I had to pick numbers somewhere between 70 and 100 so I picked them quite highly hoping that they will be the heighest. 
211126_1047,1,1,9.3299999,2,63,48,-6,-57,57,-9,1.76,1.02,48,85,3,80,0,1,Male,BSc Economics,First,18,I chose the number based on the cost-what amount would I  be willing to sacrfice. E.g. for the first round i said to myself the lowest i would like to accept is around £4 and so chose number 63 at a cost of £1.73. I did the same in the second round but was more conservative because I knew the lowest i could get was £12.11 and had to take into account both costs so again caluclated I'd be happy with around £9 worst outcome.
211126_1047,2,1,15.3,2,78,67,26,-44,104,23,2.7,2,105,73,47,96,0,1,Female,LLB Law,Second,21,I chose my costs so that the number was over 60 (high enough to withstand getting a large minus). Then I made sure I would make the second stage by choosing a somewhat large number that didn't have a big cost attached and would not substantially impact the £5.73 should I not have gotten through. Finally I didn't want my total loses to be over £5.00 and so my second number was slightly smaller. 
211126_1047,3,1,5.2199998,2,34,0,-45,0,-11,0,0.50999999,0,34,88,73,124,125,0,Male,Law,First,18,"I started by calculating the cost and following from that, i wrote out all of the player decision numbers and random numbers so I calculated it from there."
211126_1047,4,1,4.98,2,41,0,-44,0,-3,0,0.75,0,50,56,90,40,85,0,Female,MSc Finance and Management,MSc,21,i did was heding on the fact that my income should not go below 5 pounds even if i loose at the first stage thus i chose 41 as my decision number that could only deduct 0.73 from totaol sum of 5.71 thus income still being around 5. i also did not want a huge chunk of money be substracted from my total sum. 
211126_1047,5,2,-1.21,2,125,0,-57,0,68,0,6.9400001,0,50,80,100,80,100,0,Female,Finance and investment,MSc,41,"I choose the largest decision number in the first stage because I thought the random number was totally given randomly, so what ever I choose the decision, I will get the result with a equal possibilitity. However I got a large big negtive number."
211126_1047,6,2,3.73,2,67,0,40,0,107,0,2,0,40,62,80,100,50,0,Male,economics,First,18,i tried to go anything above 60 as i thought if i got -60 then i would still have a positive number
211126_1047,7,2,9.1300001,2,94,125,60,-30,154,95,3.9300001,6.9400001,81,125,89,125,0,1,Male,Accounting and Finance,First,19,For round one i chose 94 because i didn't want the cost to be more than £4 but still be high enough to get through to round 2. For round 2 I chose 125 because I didnt want to risk losing with another cost so i would have either chosen 0 or 125 and ended up choosing 125.
211126_1047,8,2,2.8900001,2,93,110,52,-33,145,77,3.8399999,5.3800001,85,95,105,115,0,1,Female,Accounting and Finance ,First,18,"For the first round, I decided on a minimum amount I'd like to receive and subtracted that with the amount I was sure to receive. Then, I corresponded this cost to a decision number. For the second round, I decided to choose a number in the last twenty numbers, following the principle of higher risk, higher gain. "
211126_1409,1,1,3.0899999,1,77,0,33,0,110,0,2.6400001,0,100,55,67,0,0,0,Female,Psychology,First,20,"I decided I would rather risk getting little money if there was a chance I could get a lot of money but also didn't want to risk getting nothing so I didn't go for the highest number. Looking back I should have gone for the highest number to guarantee being the highest figure, but I was too focused on reducing risk as a lot of it was down to luck when it came to getting the random number"
211126_1409,2,1,7.4299998,1,118,0,48,0,166,0,6.1900001,0,110,115,122,0,0,1,Female,Financial Analysis and Fund Management,MSc,1,"Considering the significant difference between £13.62 and £5.73, logical, I think everyone will want to be the higher one. Because if someone lost, he will receive no more than 5.73."
211126_1409,3,1,7.2199998,1,120,0,43,0,163,0,6.4000001,0,70,90,105,0,0,1,Female,education,First,40,13.62-6.40=7.22 And that's high enough for me. So I pick the number 120.
211126_1409,4,1,3.79,1,66,0,-54,0,12,0,1.9400001,0,77,60,100,0,0,0,Female,Medical Sciences,Third,20,"I wanted to pick a number above 60 so that even if I received -60 as my random number I would still have a positive result. I landed on 66 because I was okay with losing that amount of money off of 5.73 if I had one of the two lowest scores, and thus I would be happy with both of the outcomes. "
211130_1356,1,1,3.97,1,63,0,-17,0,46,0,1.76,0,40,100,69,0,0,0,Male,Bsc Mathematics,Third,21,I wanted to deduct enough cost that if I was on the lower 2 results I would still get about enough money for a pint
211130_1356,2,1,5.02,1,40,0,-51,0,-11,0,0.70999998,0,113,0,125,0,0,0,Male,Management,Fourth,22,"Considered a few options but chose 40 as it had a low cost so, knowing I would probably end up as one of the lower options, I'd still take away a round £5. Figured there was a small chance the others would get low random numbers which would bring them down. "
211130_1356,3,1,8.6300001,1,106,0,-45,0,61,0,4.9899998,0,125,1,125,0,0,1,Male,economics,First,19,I chose the number that corresponded to an amount where I still made at least £1 profit no matter whether i was in the lower two or upper two participants
211130_1356,4,1,6.6799998,1,125,0,25,0,150,0,6.9400001,0,109,41,58,0,0,1,Male,finance,MSc,22,"just chose the biggest number to win, thought it was pointless from 113 considering i ll have the lowest return where i ll only get paid 5pound 70. therefore easily decided to go for the largest number"