city,date,CMRT_transit,lockdown,completeLockdown,EXTRAS,CMRT_retail,CMRT_grocery,CMRT_parks,CMRT_workplaces,CMRT_residential,CMI
Amsterdam,3/2/2020,-2,0,0,,-7,-4,-19,1,1,110
Amsterdam,3/3/2020,-5,0,0,,1,6,16,2,1,103
Amsterdam,3/4/2020,-4,0,0,,-1,4,23,3,0,98
Amsterdam,3/5/2020,-4,0,0,,-5,0,-13,1,1,109
Amsterdam,3/6/2020,-3,0,0,,0,4,6,1,0,107
Amsterdam,3/7/2020,-1,0,0,,3,3,30,0,0,106
Amsterdam,3/8/2020,-7,0,0,,-2,2,-8,-1,1,97
Amsterdam,3/9/2020,-7,0,0,,-2,1,7,1,1,93
Amsterdam,3/10/2020,-9,0,0,,-8,1,-11,0,2,86
Amsterdam,3/11/2020,-10,0,0,,-3,5,21,0,1,86
Amsterdam,3/12/2020,-12,0,0,,-9,12,-12,-2,3,74
Amsterdam,3/13/2020,-27,0,0,,-16,26,-12,-12,7,60
Amsterdam,3/14/2020,-32,0,0,,-20,9,11,-7,6,52
Amsterdam,3/15/2020,-39,0,0,,-35,10,-5,-12,6,43
Amsterdam,3/16/2020,-50,1,0,,-30,15,31,-42,15,28
Amsterdam,3/17/2020,-57,1,0,,-36,10,31,-49,18,16
Amsterdam,3/18/2020,-60,1,0,,-41,2,12,-49,18,13
Amsterdam,3/19/2020,-65,1,0,,-46,-1,-12,-52,21,10
Amsterdam,3/20/2020,-66,1,0,,-50,-5,-16,-50,20,8
Amsterdam,3/21/2020,-64,1,0,,-53,-11,9,-32,13,8
Amsterdam,3/22/2020,-69,1,0,,-62,-20,-5,-37,11,7
Amsterdam,3/23/2020,-70,1,0,,-44,-13,-4,-55,20,7
Amsterdam,3/24/2020,-71,1,0,,-48,-12,13,-57,22,7
Amsterdam,3/25/2020,-71,1,0,,-50,-17,17,-56,20,6
Amsterdam,3/26/2020,-72,1,0,,-52,-17,-3,-58,23,6
Barcelona,3/2/2020,-2,0,0,,-5,0,-9,1,1,112
Barcelona,3/3/2020,-1,0,0,,-2,2,-2,2,0,105
Barcelona,3/4/2020,0,0,0,,-1,3,5,2,0,105
Barcelona,3/5/2020,0,0,0,,-1,2,2,2,0,106
Barcelona,3/6/2020,-2,0,0,,-1,1,-3,-1,1,105
Barcelona,3/7/2020,3,0,0,,-1,0,15,1,-1,110
Barcelona,3/8/2020,10,0,0,,-3,7,24,0,-2,107
Barcelona,3/9/2020,-1,0,0,,-4,3,3,2,0,104
Barcelona,3/10/2020,-3,0,0,,-4,13,2,1,0,92
Barcelona,3/11/2020,-5,0,0,,-6,17,8,0,1,86
Barcelona,3/12/2020,-11,0,0,,-11,33,-3,-2,2,69
Barcelona,3/13/2020,-31,0,0,,-32,29,-22,-24,11,47
Barcelona,3/14/2020,-50,0,0,,-74,-8,-46,-34,16,24
Barcelona,3/15/2020,-68,1,1,,-87,-50,-70,-48,16,16
Barcelona,3/16/2020,-71,1,1,,-82,-36,-74,-54,26,12
Barcelona,3/17/2020,-74,1,1,,-83,-33,-71,-60,28,8
Barcelona,3/18/2020,-76,1,1,,-84,-37,-72,-62,29,6
Barcelona,3/19/2020,-77,1,1,,-85,-41,-75,-64,31,5
Barcelona,3/20/2020,-79,1,1,,-87,-41,-77,-65,34,5
Barcelona,3/21/2020,-83,1,1,,-92,-52,-86,-64,26,4
Barcelona,3/22/2020,-87,1,1,,-94,-72,-90,-65,22,3
Barcelona,3/23/2020,-82,1,1,,-87,-47,-80,-68,31,5
Barcelona,3/24/2020,-81,1,1,,-87,-46,-79,-69,33,4
Barcelona,3/25/2020,-82,1,1,,-88,-48,-80,-70,33,4
Barcelona,3/26/2020,-83,1,1,,-88,-49,-81,-71,35,3
Berlin,3/2/2020,-2,0,0,,3,12,6,1,1,103
Berlin,3/3/2020,-7,0,0,,-3,7,-8,0,2,94
Berlin,3/4/2020,-2,0,0,,-1,7,9,0,1,93
Berlin,3/5/2020,-5,0,0,,0,4,12,0,1,92
Berlin,3/6/2020,-9,0,0,,-10,-3,-15,-2,3,92
Berlin,3/7/2020,-6,0,0,,-4,1,5,0,2,92
Berlin,3/8/2020,-1,0,0,,7,13,18,0,0,97
Berlin,3/9/2020,-6,0,0,,-3,2,-3,-1,2,94
Berlin,3/10/2020,-10,0,0,,-9,-3,-17,-2,3,83
Berlin,3/11/2020,-7,0,0,,-4,6,14,-3,2,86
Berlin,3/12/2020,-14,0,0,,-10,8,-8,-5,4,72
Berlin,3/13/2020,-21,0,0,,-19,20,-22,-9,6,69
Berlin,3/14/2020,-24,1,0,,-21,18,25,-4,4,54
Berlin,3/15/2020,-30,1,0,,-37,-8,23,-12,4,45
Berlin,3/16/2020,-28,1,0,,-17,26,10,-20,8,41
Berlin,3/17/2020,-40,1,0,,-28,14,-1,-34,13,28
Berlin,3/18/2020,-41,1,0,,-40,10,16,-39,13,26
Berlin,3/19/2020,-50,1,0,,-50,0,-27,-43,17,18
Berlin,3/20/2020,-56,1,0,,-57,-1,-43,-45,20,13
Berlin,3/21/2020,-58,1,0,,-65,-11,-26,-32,13,12
Berlin,3/22/2020,-60,1,0,,-74,-34,-12,-35,10,11
Berlin,3/23/2020,-57,1,0,,-60,-11,-28,-51,20,13
Berlin,3/24/2020,-59,1,0,,-62,-14,-23,-53,21,12
Berlin,3/25/2020,-58,1,0,,-63,-13,-15,-54,21,12
Berlin,3/26/2020,-59,1,0,,-62,-13,-16,-53,21,11
Birmingham,3/2/2020,0,0,0,,5,3,14,1,0,100
Birmingham,3/3/2020,-1,0,0,,3,2,4,2,0,105
Birmingham,3/4/2020,-1,0,0,,3,3,-5,1,0,99
Birmingham,3/5/2020,-3,0,0,,-1,5,1,1,1,104
Birmingham,3/6/2020,4,0,0,,6,6,20,1,0,108
Birmingham,3/7/2020,3,0,0,,3,1,13,2,0,111
Birmingham,3/8/2020,0,0,0,,1,3,23,1,-1,100
Birmingham,3/9/2020,-4,0,0,,-2,3,-3,1,1,100
Birmingham,3/10/2020,-4,0,0,,-2,6,2,1,1,98
Birmingham,3/11/2020,-5,0,0,,0,5,8,1,1,91
Birmingham,3/12/2020,-9,0,0,,-1,14,1,-1,1,95
Birmingham,3/13/2020,-7,0,0,,-1,14,-2,-2,2,89
Birmingham,3/14/2020,-16,0,0,,-10,11,3,-2,2,84
Birmingham,3/15/2020,-20,0,0,,-14,7,-17,-5,2,72
Birmingham,3/16/2020,-18,0,0,,-3,21,22,-6,3,65
Birmingham,3/17/2020,-28,0,0,,-14,22,-4,-12,6,55
Birmingham,3/18/2020,-36,0,0,,-20,25,-25,-20,9,45
Birmingham,3/19/2020,-40,0,0,,-19,32,-15,-24,10,42
Birmingham,3/20/2020,-40,1,0,,-26,13,-2,-26,12,38
Birmingham,3/21/2020,-50,1,0,,-49,2,2,-25,11,31
Birmingham,3/22/2020,-52,1,0,,-57,-13,13,-30,9,25
Birmingham,3/23/2020,-56,1,0,,-44,-6,0,-44,17,31
Birmingham,3/24/2020,-68,1,1,,-69,-22,-16,-57,23,21
Birmingham,3/25/2020,-71,1,1,,-72,-26,-9,-63,25,18
Birmingham,3/26/2020,-74,1,1,,-73,-26,-9,-66,26,16
Boston,3/2/2020,3,0,0,,4,6,21,2,-1,97
Boston,3/3/2020,1,0,0,,10,7,41,0,-1,99
Boston,3/4/2020,-2,0,0,,0,2,1,0,0,97
Boston,3/5/2020,-1,0,0,,4,9,25,1,-1,97
Boston,3/6/2020,-3,0,0,,0,1,1,2,1,102
Boston,3/7/2020,-3,0,0,,7,6,21,1,-1,93
Boston,3/8/2020,-4,0,0,,5,2,34,2,-1,89
Boston,3/9/2020,-5,0,0,,8,9,98,0,0,92
Boston,3/10/2020,-10,0,0,,0,7,26,-2,1,81
Boston,3/11/2020,-13,0,0,,-2,15,13,-6,2,77
Boston,3/12/2020,-21,0,0,,-8,28,1,-10,5,62
Boston,3/13/2020,-30,0,0,,-20,24,-23,-17,9,49
Boston,3/14/2020,-25,0,0,,-19,17,19,-8,4,42
Boston,3/15/2020,-31,0,0,,-26,2,3,-12,6,35
Boston,3/16/2020,-46,1,0,,-27,9,-18,-34,14,28
Boston,3/17/2020,-55,1,0,,-45,-6,-33,-48,21,19
Boston,3/18/2020,-58,1,0,,-46,-5,4,-50,21,16
Boston,3/19/2020,-65,1,0,,-55,-13,-52,-54,25,12
Boston,3/20/2020,-64,1,0,,-51,2,-11,-52,24,12
Boston,3/21/2020,-60,1,0,,-55,-5,2,-40,14,11
Boston,3/22/2020,-67,1,0,,-60,-23,-26,-42,14,10
Boston,3/23/2020,-73,1,0,,-55,-15,-51,-58,25,10
Boston,3/24/2020,-75,1,0,,-62,-24,-31,-63,28,8
Boston,3/25/2020,-77,1,0,,-66,-29,-47,-65,30,7
Boston,3/26/2020,-76,1,0,,-63,-22,-14,-65,29,7
Brussels,3/2/2020,-1,0,0,,-8,1,-21,2,1,106
Brussels,3/3/2020,-2,0,0,,2,7,6,3,0,102
Brussels,3/4/2020,-1,0,0,,-3,4,-10,3,0,107
Brussels,3/5/2020,0,0,0,,-6,-2,-20,2,1,109
Brussels,3/6/2020,6,0,0,,-2,3,-8,0,1,112
Brussels,3/7/2020,6,0,0,,2,1,29,1,0,112
Brussels,3/8/2020,3,0,0,,-5,-9,-16,-5,1,107
Brussels,3/9/2020,-4,0,0,,-5,2,2,0,1,103
Brussels,3/10/2020,-8,0,0,,-10,2,-14,0,2,87
Brussels,3/11/2020,-7,0,0,,-12,3,-15,-1,2,96
Brussels,3/12/2020,-10,0,0,,-13,16,-7,-4,3,82
Brussels,3/13/2020,-19,0,0,,-19,32,-23,-14,7,68
Brussels,3/14/2020,-41,0,0,,-73,-13,1,-33,12,38
Brussels,3/15/2020,-44,0,0,,-70,-27,13,-37,9,33
Brussels,3/16/2020,-51,0,0,,-50,2,-13,-47,18,33
Brussels,3/17/2020,-57,1,1,,-55,13,28,-55,19,23
Brussels,3/18/2020,-66,1,1,,-73,-16,11,-64,24,15
Brussels,3/19/2020,-77,1,1,,-83,-35,-34,-72,31,9
Brussels,3/20/2020,-78,1,1,,-85,-37,-57,-72,35,7
Brussels,3/21/2020,-76,1,1,,-88,-48,-35,-60,24,7
Brussels,3/22/2020,-76,1,1,,-86,-56,-23,-58,17,8
Brussels,3/23/2020,-79,1,1,,-83,-38,-35,-75,31,8
Brussels,3/24/2020,-80,1,1,,-84,-35,-29,-76,32,7
Brussels,3/25/2020,-79,1,1,,-85,-38,-35,-75,31,7
Brussels,3/26/2020,-81,1,1,,-85,-38,-43,-76,34,8
Chicago,3/2/2020,-1,0,0,,8,6,18,-2,0,106
Chicago,3/3/2020,0,0,0,,9,8,16,1,-1,99
Chicago,3/4/2020,2,0,0,,8,8,22,1,-1,97
Chicago,3/5/2020,0,0,0,,6,8,17,2,-1,100
Chicago,3/6/2020,0,0,0,,5,3,15,2,-1,101
Chicago,3/7/2020,11,0,0,,14,11,77,6,-3,109
Chicago,3/8/2020,7,0,0,,15,14,178,2,-3,107
Chicago,3/9/2020,-6,0,0,,-1,1,-6,-1,1,105
Chicago,3/10/2020,-4,0,0,,6,9,18,0,0,95
Chicago,3/11/2020,-5,0,0,,5,10,10,-1,1,92
Chicago,3/12/2020,-8,0,0,,6,30,18,-2,1,80
Chicago,3/13/2020,-11,0,0,,4,43,16,-5,1,66
Chicago,3/14/2020,-11,0,0,,-8,29,-9,-1,3,54
Chicago,3/15/2020,-19,0,0,,-12,21,28,-8,4,49
Chicago,3/16/2020,-33,0,0,,-13,25,-25,-23,9,34
Chicago,3/17/2020,-39,0,0,,-24,13,36,-36,13,21
Chicago,3/18/2020,-48,0,0,,-36,3,-43,-40,17,16
Chicago,3/19/2020,-52,0,0,,-36,15,-41,-42,19,14
Chicago,3/20/2020,-50,0,0,,-36,20,-37,-43,19,13
Chicago,3/21/2020,-48,0,0,,-49,0,-32,-30,14,12
Chicago,3/22/2020,-62,1,1,,-65,-35,-40,-43,15,10
Chicago,3/23/2020,-64,1,1,,-53,-25,-38,-55,23,9
Chicago,3/24/2020,-62,1,1,,-49,-19,-19,-55,24,9
Chicago,3/25/2020,-59,1,1,,-46,-16,19,-55,23,7
Chicago,3/26/2020,-64,1,1,,-51,-18,-48,-56,25,7
Copenhagen,3/2/2020,0,0,0,,12,-7,32,2,0,103
Copenhagen,3/3/2020,-3,0,0,,7,-6,14,2,0,102
Copenhagen,3/4/2020,-1,0,0,,8,-7,10,2,1,97
Copenhagen,3/5/2020,-3,0,0,,8,-5,30,2,0,96
Copenhagen,3/6/2020,-4,0,0,,2,-5,14,1,1,103
Copenhagen,3/7/2020,2,0,0,,5,-4,42,1,0,111
Copenhagen,3/8/2020,-2,0,0,,9,-8,9,-1,0,101
Copenhagen,3/9/2020,-5,0,0,,3,-9,3,0,2,97
Copenhagen,3/10/2020,-10,0,0,,-1,-4,-4,-1,2,86
Copenhagen,3/11/2020,-14,1,0,,4,7,26,-3,3,80
Copenhagen,3/12/2020,-35,1,0,,-17,22,-19,-33,14,56
Copenhagen,3/13/2020,-49,1,0,,-34,-8,-14,-50,20,31
Copenhagen,3/14/2020,-41,1,0,,-36,-10,75,-18,8,27
Copenhagen,3/15/2020,-52,1,0,,-40,-25,-16,-23,9,21
Copenhagen,3/16/2020,-56,1,0,,-29,-16,34,-58,20,17
Copenhagen,3/17/2020,-58,1,0,,-30,-3,40,-60,21,15
Copenhagen,3/18/2020,-65,1,0,,-48,-24,-2,-62,24,11
Copenhagen,3/19/2020,-61,1,0,,-45,-21,100,-63,23,13
Copenhagen,3/20/2020,-66,1,0,,-51,-23,42,-63,25,8
Copenhagen,3/21/2020,-61,1,0,,-56,-23,54,-33,12,9
Copenhagen,3/22/2020,-66,1,0,,-51,-27,19,-33,10,8
Copenhagen,3/23/2020,-65,1,0,,-43,-22,40,-63,22,10
Copenhagen,3/24/2020,-64,1,0,,-44,-20,53,-64,22,10
Copenhagen,3/25/2020,-65,1,0,,-43,-20,50,-63,23,11
Copenhagen,3/26/2020,-64,1,0,,-44,-19,69,-63,23,8
Hamburg,3/2/2020,-4,0,0,,3,4,20,-13,2,94
Hamburg,3/3/2020,-9,0,0,,-1,1,-2,-14,3,82
Hamburg,3/4/2020,-11,0,0,,-4,-2,-7,-14,3,85
Hamburg,3/5/2020,-9,0,0,,-4,-3,11,-14,3,87
Hamburg,3/6/2020,-11,0,0,,-9,-7,-22,-15,3,88
Hamburg,3/7/2020,4,0,0,,-1,-6,29,-1,-1,93
Hamburg,3/8/2020,-3,0,0,,-4,0,9,0,-1,88
Hamburg,3/9/2020,-10,0,0,,-3,-3,4,-16,3,87
Hamburg,3/10/2020,-13,0,0,,-8,-7,-24,-16,4,74
Hamburg,3/11/2020,-11,0,0,,-1,2,37,-16,3,72
Hamburg,3/12/2020,-18,0,0,,-14,1,-22,-18,5,67
Hamburg,3/13/2020,-22,0,0,,-19,12,-24,-20,6,59
Hamburg,3/14/2020,-20,0,0,,-25,12,40,-5,2,48
Hamburg,3/15/2020,-29,0,0,,-37,-10,36,-8,4,45
Hamburg,3/16/2020,-33,1,0,,-20,22,37,-28,11,39
Hamburg,3/17/2020,-41,1,0,,-38,14,14,-37,14,27
Hamburg,3/18/2020,-49,1,0,,-49,5,-2,-41,17,20
Hamburg,3/19/2020,-54,1,0,,-54,-3,-1,-45,19,19
Hamburg,3/20/2020,-58,1,0,,-58,-3,-4,-46,20,14
Hamburg,3/21/2020,-61,1,0,,-71,-18,-2,-35,13,9
Hamburg,3/22/2020,-64,1,0,,-75,-41,16,-37,11,12
Hamburg,3/23/2020,-61,1,0,,-60,-14,16,-50,21,15
Hamburg,3/24/2020,-61,1,0,,-61,-15,24,-52,22,12
Hamburg,3/25/2020,-62,1,0,,-63,-15,21,-52,22,12
Hamburg,3/26/2020,-62,1,0,,-62,-14,27,-52,22,10
Hong Kong,3/2/2020,-27,0,0,,-22,-5,-14,-14,13,52
Hong Kong,3/3/2020,-28,0,0,,-22,-4,-9,-14,14,52
Hong Kong,3/4/2020,-27,0,0,,-24,-13,-21,-11,13,50
Hong Kong,3/5/2020,-24,0,0,,-22,-9,-18,-5,11,52
Hong Kong,3/6/2020,-26,0,0,,-20,-4,-12,-14,15,54
Hong Kong,3/7/2020,-24,0,0,,-20,0,-4,-12,11,55
Hong Kong,3/8/2020,-26,0,0,,-21,-6,-10,-15,10,53
Hong Kong,3/9/2020,-26,0,0,,-21,-8,-13,-13,13,54
Hong Kong,3/10/2020,-26,0,0,,-20,-4,-3,-12,13,55
Hong Kong,3/11/2020,-26,0,0,,-21,-7,-14,-9,12,52
Hong Kong,3/12/2020,-22,0,0,,-22,-9,-13,-3,10,54
Hong Kong,3/13/2020,-26,0,0,,-20,-3,-12,-13,14,53
Hong Kong,3/14/2020,-24,0,0,,-20,-1,-4,-12,11,56
Hong Kong,3/15/2020,-23,0,0,,-18,2,1,-14,9,55
Hong Kong,3/16/2020,-25,0,0,,-20,-3,-1,-12,12,54
Hong Kong,3/17/2020,-28,0,0,,-22,-6,-7,-12,13,52
Hong Kong,3/18/2020,-29,0,0,,-25,-14,-25,-9,13,48
Hong Kong,3/19/2020,-25,0,0,,-25,-16,-23,-3,11,46
Hong Kong,3/20/2020,-28,0,0,,-22,-4,-20,-13,15,44
Hong Kong,3/21/2020,-30,0,0,,-24,-1,-20,-13,13,41
Hong Kong,3/22/2020,-32,0,0,,-25,-2,-11,-15,12,42
Hong Kong,3/23/2020,-32,0,0,,-24,0,-10,-17,14,40
Hong Kong,3/24/2020,-34,0,0,,-27,-3,-12,-19,16,38
Hong Kong,3/25/2020,-33,0,0,,-27,-5,-12,-16,15,37
Hong Kong,3/26/2020,-31,0,0,,-28,-9,-21,-11,13,36
Istanbul,3/2/2020,7,0,0,,4,8,22,10,-2,124
Istanbul,3/3/2020,9,0,0,,5,10,32,11,-3,124
Istanbul,3/4/2020,7,0,0,,2,10,21,11,-2,117
Istanbul,3/5/2020,8,0,0,,2,10,11,12,-2,117
Istanbul,3/6/2020,7,0,0,,3,10,10,9,-1,127
Istanbul,3/7/2020,12,0,0,,12,13,42,9,-2,144
Istanbul,3/8/2020,19,0,0,,15,18,100,8,-3,141
Istanbul,3/9/2020,7,0,0,,6,8,28,11,-2,126
Istanbul,3/10/2020,1,0,0,,-4,5,-13,10,-1,114
Istanbul,3/11/2020,4,0,0,,0,33,19,11,-1,103
Istanbul,3/12/2020,6,0,0,,2,24,30,11,-2,98
Istanbul,3/13/2020,-2,0,0,,-8,15,8,6,1,89
Istanbul,3/14/2020,-12,0,0,,-15,8,-5,3,3,73
Istanbul,3/15/2020,-26,0,0,,-32,-7,-34,-3,5,52
Istanbul,3/16/2020,-22,1,0,,-21,15,-25,-10,6,49
Istanbul,3/17/2020,-28,1,0,,-32,20,-20,-17,9,31
Istanbul,3/18/2020,-38,1,0,,-43,4,-37,-22,13,20
Istanbul,3/19/2020,-41,1,0,,-47,0,-32,-26,14,16
Istanbul,3/20/2020,-44,1,0,,-53,-7,-31,-31,18,14
Istanbul,3/21/2020,-50,1,0,,-60,-11,-37,-31,18,11
Istanbul,3/22/2020,-57,1,0,,-72,-25,-40,-40,16,11
Istanbul,3/23/2020,-54,1,0,,-62,-17,-51,-42,21,11
Istanbul,3/24/2020,-59,1,0,,-68,-28,-60,-48,23,10
Istanbul,3/25/2020,-60,1,0,,-68,-27,-57,-49,25,10
Istanbul,3/26/2020,-59,1,0,,-68,-25,-51,-49,24,10
Lisbon,3/2/2020,3,0,0,,5,11,9,2,0,120
Lisbon,3/3/2020,1,0,0,,-2,5,0,2,0,123
Lisbon,3/4/2020,3,0,0,,1,6,16,2,-1,128
Lisbon,3/5/2020,4,0,0,,2,7,13,2,-1,125
Lisbon,3/6/2020,4,0,0,,-3,8,15,2,-1,123
Lisbon,3/7/2020,5,0,0,,-2,4,33,1,-1,127
Lisbon,3/8/2020,2,0,0,,0,6,4,0,-1,118
Lisbon,3/9/2020,-1,0,0,,-1,11,24,1,1,120
Lisbon,3/10/2020,-2,0,0,,-2,15,23,0,1,113
Lisbon,3/11/2020,-4,0,0,,-3,26,30,-1,1,108
Lisbon,3/12/2020,-13,0,0,,-13,29,4,-7,5,85
Lisbon,3/13/2020,-26,0,0,,-33,23,-19,-16,11,68
Lisbon,3/14/2020,-35,0,0,,-52,-13,-33,-17,14,62
Lisbon,3/15/2020,-45,0,0,,-64,-34,-59,-25,14,45
Lisbon,3/16/2020,-53,0,0,,-54,-22,-46,-47,24,35
Lisbon,3/17/2020,-58,0,0,,-58,-26,-49,-54,27,27
Lisbon,3/18/2020,-60,0,0,,-59,-26,-45,-56,27,24
Lisbon,3/19/2020,-71,0,0,,-71,-40,-60,-64,33,17
Lisbon,3/20/2020,-75,1,0,,-80,-43,-73,-67,39,13
Lisbon,3/21/2020,-73,1,0,,-82,-49,-72,-58,26,13
Lisbon,3/22/2020,-76,1,0,,-84,-56,-74,-54,22,11
Lisbon,3/23/2020,-76,1,0,,-76,-45,-63,-68,36,14
Lisbon,3/24/2020,-76,1,0,,-76,-44,-65,-69,36,12
Lisbon,3/25/2020,-77,1,0,,-76,-45,-65,-69,36,12
Lisbon,3/26/2020,-78,1,0,,-77,-45,-67,-70,37,10
London,3/2/2020,-3,0,0,,2,6,15,1,0,100
London,3/3/2020,-4,0,0,,-1,2,3,1,0,102
London,3/4/2020,-4,0,0,,-3,1,-7,0,1,100
London,3/5/2020,-6,0,0,,-9,-5,-21,-1,2,101
London,3/6/2020,-3,0,0,,1,8,14,0,1,99
London,3/7/2020,-4,0,0,,-2,3,-6,1,0,97
London,3/8/2020,-4,0,0,,-1,3,-2,0,0,94
London,3/9/2020,-6,0,0,,-3,6,3,-1,1,97
London,3/10/2020,-7,0,0,,-6,7,-3,-2,2,97
London,3/11/2020,-10,0,0,,-6,8,9,-3,2,91
London,3/12/2020,-13,0,0,,-8,14,-3,-5,3,84
London,3/13/2020,-18,0,0,,-13,15,-4,-9,5,75
London,3/14/2020,-22,0,0,,-20,9,-17,-4,4,75
London,3/15/2020,-24,0,0,,-24,6,-21,-7,4,67
London,3/16/2020,-25,0,0,,-14,23,26,-18,7,60
London,3/17/2020,-37,0,0,,-28,19,-8,-29,12,44
London,3/18/2020,-43,0,0,,-33,28,-7,-36,16,36
London,3/19/2020,-47,0,0,,-36,30,-28,-41,18,39
London,3/20/2020,-51,1,0,,-46,8,-22,-44,20,31
London,3/21/2020,-58,1,0,,-62,-8,-23,-34,15,23
London,3/22/2020,-61,1,0,,-67,-20,-6,-40,13,23
London,3/23/2020,-63,1,0,,-59,-13,-5,-60,25,25
London,3/24/2020,-72,1,1,,-76,-25,-19,-70,31,15
London,3/25/2020,-76,1,1,,-79,-28,-17,-73,33,12
London,3/26/2020,-77,1,1,,-80,-32,-20,-75,34,10
Los Angeles,3/2/2020,1,0,0,,5,5,8,4,-1,107
Los Angeles,3/3/2020,2,0,0,,8,7,32,3,-1,110
Los Angeles,3/4/2020,-1,0,0,,4,6,9,2,0,108
Los Angeles,3/5/2020,0,0,0,,4,7,9,2,0,104
Los Angeles,3/6/2020,-2,0,0,,3,6,7,2,0,100
Los Angeles,3/7/2020,-4,0,0,,1,6,3,2,0,96
Los Angeles,3/8/2020,-4,0,0,,3,4,16,1,0,98
Los Angeles,3/9/2020,-4,0,0,,3,7,6,3,0,103
Los Angeles,3/10/2020,-13,0,0,,-3,3,-29,-2,3,92
Los Angeles,3/11/2020,-6,0,0,,2,11,5,0,1,81
Los Angeles,3/12/2020,-19,0,0,,-8,12,-35,-3,4,71
Los Angeles,3/13/2020,-21,0,0,,-5,37,-37,-7,6,56
Los Angeles,3/14/2020,-23,0,0,,-14,27,-47,-7,7,50
Los Angeles,3/15/2020,-21,0,0,,-16,12,-22,-9,6,44
Los Angeles,3/16/2020,-29,0,0,,-19,12,-40,-22,11,39
Los Angeles,3/17/2020,-30,0,0,,-24,8,-21,-29,14,27
Los Angeles,3/18/2020,-33,0,0,,-28,3,-12,-33,16,23
Los Angeles,3/19/2020,-39,0,0,,-32,3,-30,-35,18,20
Los Angeles,3/20/2020,-44,1,0,,-40,-5,-29,-41,22,19
Los Angeles,3/21/2020,-46,1,0,,-48,-13,-28,-34,18,15
Los Angeles,3/22/2020,-54,1,0,,-52,-26,-36,-38,16,13
Los Angeles,3/23/2020,-49,1,0,,-42,-19,-32,-47,22,16
Los Angeles,3/24/2020,-50,1,0,,-43,-20,-34,-49,23,12
Los Angeles,3/25/2020,-50,1,0,,-43,-20,-34,-49,23,13
Los Angeles,3/26/2020,-51,1,0,,-43,-20,-35,-50,24,12
Lyon,3/2/2020,-3,0,0,,-5,5,-6,-1,2,82
Lyon,3/3/2020,-4,0,0,,-2,7,14,1,1,76
Lyon,3/4/2020,-5,0,0,,-6,0,3,0,2,75
Lyon,3/5/2020,-7,0,0,,-7,0,-21,-1,2,77
Lyon,3/6/2020,2,0,0,,-1,3,11,0,1,80
Lyon,3/7/2020,-1,0,0,,-4,1,15,1,1,89
Lyon,3/8/2020,-9,0,0,,-3,-1,-21,0,1,94
Lyon,3/9/2020,-6,0,0,,-1,2,12,-3,2,99
Lyon,3/10/2020,-10,0,0,,-6,0,-6,-3,3,99
Lyon,3/11/2020,-10,0,0,,-7,-1,-3,-3,2,97
Lyon,3/12/2020,-9,0,0,,-8,3,4,-3,2,89
Lyon,3/13/2020,-9,0,0,,-8,17,10,-4,3,81
Lyon,3/14/2020,-22,1,0,,-22,-1,-15,-6,5,75
Lyon,3/15/2020,-26,1,0,,-39,16,17,-6,4,53
Lyon,3/16/2020,-42,1,0,,-40,53,4,-35,12,36
Lyon,3/17/2020,-61,1,1,,-68,-15,-30,-53,22,14
Lyon,3/18/2020,-76,1,1,,-83,-46,-48,-65,26,6
Lyon,3/19/2020,-79,1,1,,-83,-42,-58,-69,30,5
Lyon,3/20/2020,-82,1,1,,-85,-43,-71,-70,34,5
Lyon,3/21/2020,-81,1,1,,-89,-53,-80,-58,24,4
Lyon,3/22/2020,-83,1,1,,-86,-62,-79,-54,17,4
Lyon,3/23/2020,-82,1,1,,-81,-40,-63,-71,30,5
Lyon,3/24/2020,-82,1,1,,-83,-44,-63,-72,32,5
Lyon,3/25/2020,-82,1,1,,-84,-48,-65,-71,29,4
Lyon,3/26/2020,-83,1,1,,-83,-45,-66,-72,32,4
Madrid,3/2/2020,-5,0,0,,0,2,-13,-15,1,107
Madrid,3/3/2020,0,0,0,,-6,4,-6,3,-1,100
Madrid,3/4/2020,1,0,0,,-2,5,10,3,-1,100
Madrid,3/5/2020,-2,0,0,,-4,3,-5,3,0,101
Madrid,3/6/2020,-1,0,0,,-4,4,-3,1,0,101
Madrid,3/7/2020,2,0,0,,-4,1,17,-1,-1,98
Madrid,3/8/2020,2,0,0,,-1,5,24,-1,-1,103
Madrid,3/9/2020,0,0,0,,-1,13,19,1,-1,100
Madrid,3/10/2020,-7,0,0,,-7,46,15,-1,0,78
Madrid,3/11/2020,-21,0,0,,-16,22,25,-21,8,65
Madrid,3/12/2020,-33,0,0,,-32,22,-1,-28,12,41
Madrid,3/13/2020,-46,0,0,,-47,29,-33,-37,17,23
Madrid,3/14/2020,-65,0,0,,-82,-15,-56,-46,18,11
Madrid,3/15/2020,-77,1,1,,-89,-42,-83,-53,19,10
Madrid,3/16/2020,-75,1,1,,-82,-35,-80,-65,29,9
Madrid,3/17/2020,-79,1,1,,-85,-38,-82,-69,31,6
Madrid,3/18/2020,-81,1,1,,-86,-39,-82,-71,33,5
Madrid,3/19/2020,-82,1,1,,-87,-41,-83,-73,35,5
Madrid,3/20/2020,-83,1,1,,-89,-43,-86,-73,38,4
Madrid,3/21/2020,-87,1,1,,-93,-55,-92,-66,26,4
Madrid,3/22/2020,-88,1,1,,-93,-66,-92,-66,23,4
Madrid,3/23/2020,-83,1,1,,-86,-47,-85,-75,33,5
Madrid,3/24/2020,-84,1,1,,-88,-50,-86,-76,35,5
Madrid,3/25/2020,-85,1,1,,-89,-52,-86,-77,36,4
Madrid,3/26/2020,-85,1,1,,-89,-52,-86,-77,37,4
Manchester,3/2/2020,0,0,0,,1,0,-3,0,0,106
Manchester,3/3/2020,-2,0,0,,1,1,-6,1,0,98
Manchester,3/4/2020,-3,0,0,,0,3,0,1,1,100
Manchester,3/5/2020,-3,0,0,,2,3,10,1,0,100
Manchester,3/6/2020,1,0,0,,5,2,23,1,0,105
Manchester,3/7/2020,1,0,0,,-1,0,1,1,0,103
Manchester,3/8/2020,5,0,0,,9,2,15,2,-1,108
Manchester,3/9/2020,-4,0,0,,-4,-1,-13,0,1,101
Manchester,3/10/2020,-5,0,0,,-2,3,-6,0,1,93
Manchester,3/11/2020,-7,0,0,,-4,2,-7,0,1,91
Manchester,3/12/2020,-9,0,0,,-1,8,-3,-1,2,88
Manchester,3/13/2020,-10,0,0,,1,9,7,-3,2,89
Manchester,3/14/2020,-15,0,0,,-9,8,-14,-2,2,81
Manchester,3/15/2020,-16,0,0,,-8,8,0,-3,1,77
Manchester,3/16/2020,-19,0,0,,-4,18,8,-7,3,68
Manchester,3/17/2020,-28,0,0,,-11,21,-2,-13,6,47
Manchester,3/18/2020,-38,0,0,,-21,21,-29,-22,10,42
Manchester,3/19/2020,-41,0,0,,-18,25,2,-26,11,38
Manchester,3/20/2020,-44,1,0,,-25,9,6,-28,12,36
Manchester,3/21/2020,-53,1,0,,-49,1,-18,-25,10,26
Manchester,3/22/2020,-53,1,0,,-55,-13,21,-29,8,26
Manchester,3/23/2020,-58,1,0,,-44,-9,-10,-44,17,28
Manchester,3/24/2020,-68,1,1,,-69,-24,-20,-57,23,16
Manchester,3/25/2020,-72,1,1,,-73,-27,-15,-62,26,13
Manchester,3/26/2020,-74,1,1,,-73,-28,-12,-65,27,12
Melbourne,3/2/2020,14,0,0,,0,6,8,19,-2,112
Melbourne,3/3/2020,11,0,0,,0,7,-5,15,-2,106
Melbourne,3/4/2020,11,0,0,,2,15,-11,14,-2,113
Melbourne,3/5/2020,10,0,0,,-2,11,-28,13,0,106
Melbourne,3/6/2020,12,0,0,,8,16,-6,13,-3,104
Melbourne,3/7/2020,10,0,0,,3,14,18,0,-1,104
Melbourne,3/8/2020,12,0,0,,4,8,28,-5,-2,93
Melbourne,3/9/2020,-32,0,0,,3,6,88,-65,11,93
Melbourne,3/10/2020,9,0,0,,-1,11,0,12,-1,106
Melbourne,3/11/2020,8,0,0,,-1,13,6,14,-1,110
Melbourne,3/12/2020,10,0,0,,-1,15,8,13,-1,102
Melbourne,3/13/2020,5,0,0,,2,22,-20,13,0,95
Melbourne,3/14/2020,-2,0,0,,1,30,-11,4,3,89
Melbourne,3/15/2020,-12,0,0,,-2,32,-14,-3,3,81
Melbourne,3/16/2020,-3,0,0,,0,45,9,11,0,79
Melbourne,3/17/2020,-16,0,0,,-5,37,-10,3,4,66
Melbourne,3/18/2020,-24,0,0,,-10,30,-17,-1,6,53
Melbourne,3/19/2020,-28,0,0,,-15,21,-19,-4,7,50
Melbourne,3/20/2020,-29,0,0,,-12,16,-24,-4,7,49
Melbourne,3/21/2020,-31,0,0,,-19,7,-18,-5,8,46
Melbourne,3/22/2020,-42,0,0,,-21,8,-36,-14,8,42
Melbourne,3/23/2020,-43,1,0,,-19,14,-21,-11,9,33
Melbourne,3/24/2020,-56,1,0,,-36,-6,-30,-28,16,25
Melbourne,3/25/2020,-60,1,0,,-37,-4,-37,-31,17,20
Melbourne,3/26/2020,-63,1,0,,-39,-5,-23,-35,19,20
Mexico City,3/2/2020,5,0,0,,2,7,1,9,-2,113
Mexico City,3/3/2020,2,0,0,,3,5,3,7,-1,111
Mexico City,3/4/2020,3,0,0,,0,5,3,6,-1,109
Mexico City,3/5/2020,3,0,0,,1,2,2,6,-1,108
Mexico City,3/6/2020,3,0,0,,-1,2,1,10,-1,109
Mexico City,3/7/2020,2,0,0,,0,2,8,6,0,114
Mexico City,3/8/2020,9,0,0,,4,4,24,4,-1,132
Mexico City,3/9/2020,-24,0,0,,-17,-11,-16,-25,10,74
Mexico City,3/10/2020,3,0,0,,-1,2,3,8,-1,95
Mexico City,3/11/2020,1,0,0,,-1,2,3,6,-1,110
Mexico City,3/12/2020,2,0,0,,1,3,3,6,-1,102
Mexico City,3/13/2020,3,0,0,,0,7,1,5,0,101
Mexico City,3/14/2020,0,0,0,,-3,7,-3,3,-1,91
Mexico City,3/15/2020,-2,0,0,,-4,2,-5,1,-1,82
Mexico City,3/16/2020,-44,0,0,,-23,-2,-22,-63,15,43
Mexico City,3/17/2020,-13,0,0,,-10,4,-12,-6,3,62
Mexico City,3/18/2020,-20,0,0,,-16,1,-17,-13,8,53
Mexico City,3/19/2020,-25,0,0,,-22,-3,-23,-17,9,48
Mexico City,3/20/2020,-28,0,0,,-27,-3,-25,-17,11,42
Mexico City,3/21/2020,-31,0,0,,-35,-9,-38,-8,10,31
Mexico City,3/22/2020,-32,0,0,,-37,-12,-41,-9,8,28
Mexico City,3/23/2020,-39,0,0,,-35,-16,-34,-33,15,30
Mexico City,3/24/2020,-44,0,0,,-39,-17,-38,-40,17,28
Mexico City,3/25/2020,-47,0,0,,-42,-19,-41,-42,19,23
Mexico City,3/26/2020,-49,0,0,,-44,-21,-43,-44,20,21
Milan,3/2/2020,-44,0,0,,-26,-18,-53,-20,11,45
Milan,3/3/2020,-35,0,0,,-13,-1,16,-19,9,44
Milan,3/4/2020,-34,0,0,,-14,-1,46,-19,8,43
Milan,3/5/2020,-42,0,0,,-22,-6,-31,-21,11,39
Milan,3/6/2020,-40,0,0,,-20,-2,1,-22,11,37
Milan,3/7/2020,-31,0,0,,-25,-1,54,-19,7,34
Milan,3/8/2020,-42,1,1,,-48,-1,16,-19,8,23
Milan,3/9/2020,-57,1,1,,-42,-9,-35,-31,16,19
Milan,3/10/2020,-61,1,1,,-50,-8,-25,-38,20,13
Milan,3/11/2020,-65,1,1,,-57,-13,-23,-43,22,10
Milan,3/12/2020,-74,1,1,,-74,-26,-62,-52,28,7
Milan,3/13/2020,-76,1,1,,-78,-27,-57,-58,31,6
Milan,3/14/2020,-80,1,1,,-86,-46,-80,-63,26,5
Milan,3/15/2020,-83,1,1,,-91,-58,-78,-57,22,5
Milan,3/16/2020,-79,1,1,,-78,-35,-62,-63,30,7
Milan,3/17/2020,-80,1,1,,-80,-39,-59,-65,32,6
Milan,3/18/2020,-81,1,1,,-82,-42,-67,-66,33,5
Milan,3/19/2020,-82,1,1,,-82,-43,-72,-67,34,4
Milan,3/20/2020,-82,1,1,,-82,-40,-76,-68,36,4
Milan,3/21/2020,-83,1,1,,-88,-55,-84,-67,27,3
Milan,3/22/2020,-89,1,1,,-95,-80,-92,-65,24,3
Milan,3/23/2020,-86,1,1,,-84,-47,-82,-74,35,4
Milan,3/24/2020,-85,1,1,,-84,-48,-78,-74,36,4
Milan,3/25/2020,-86,1,1,,-86,-50,-82,-75,37,3
Milan,3/26/2020,-86,1,1,,-86,-51,-83,-77,39,3
Montreal,3/2/2020,-8,0,0,,6,0,9,-14,3,96
Montreal,3/3/2020,-8,0,0,,11,4,19,-13,2,100
Montreal,3/4/2020,-9,0,0,,7,0,-1,-14,3,103
Montreal,3/5/2020,-7,0,0,,11,4,25,-14,2,104
Montreal,3/6/2020,-8,0,0,,1,-7,-7,-15,4,102
Montreal,3/7/2020,6,0,0,,6,1,25,2,0,107
Montreal,3/8/2020,2,0,0,,10,8,22,4,-1,113
Montreal,3/9/2020,-5,0,0,,2,-1,13,-1,1,96
Montreal,3/10/2020,-7,0,0,,-7,-8,-20,-4,3,99
Montreal,3/11/2020,-3,0,0,,3,3,-3,1,1,104
Montreal,3/12/2020,-6,0,0,,8,28,1,1,0,100
Montreal,3/13/2020,-23,0,0,,-13,30,-38,-15,8,87
Montreal,3/14/2020,-21,0,0,,-16,10,-13,-4,6,79
Montreal,3/15/2020,-28,0,0,,-17,7,4,-6,5,69
Montreal,3/16/2020,-43,0,0,,-21,5,3,-30,11,51
Montreal,3/17/2020,-52,0,0,,-36,-3,-30,-37,16,34
Montreal,3/18/2020,-52,0,0,,-36,4,0,-41,17,31
Montreal,3/19/2020,-55,0,0,,-40,3,-1,-44,18,27
Montreal,3/20/2020,-59,0,0,,-51,-11,-45,-46,22,24
Montreal,3/21/2020,-52,0,0,,-54,-15,-14,-32,15,23
Montreal,3/22/2020,-56,0,0,,-53,-20,-8,-32,11,21
Montreal,3/23/2020,-66,0,0,,-44,-13,-41,-49,19,18
Montreal,3/24/2020,-67,1,0,,-51,-18,-17,-55,22,16
Montreal,3/25/2020,-71,1,0,,-60,-25,-19,-64,26,14
Montreal,3/26/2020,-73,1,0,,-61,-22,-32,-65,28,13
Moscow,3/2/2020,4,0,0,,4,4,3,6,0,102
Moscow,3/3/2020,6,0,0,,7,7,6,6,-1,117
Moscow,3/4/2020,7,0,0,,9,9,11,6,-1,112
Moscow,3/5/2020,9,0,0,,14,15,13,7,-2,103
Moscow,3/6/2020,10,0,0,,14,12,11,6,-2,108
Moscow,3/7/2020,14,0,0,,20,20,11,3,-2,102
Moscow,3/8/2020,14,0,0,,22,20,36,0,-4,97
Moscow,3/9/2020,-15,0,0,,9,1,36,-63,12,86
Moscow,3/10/2020,6,0,0,,4,4,9,5,-1,106
Moscow,3/11/2020,7,0,0,,6,6,10,5,-1,113
Moscow,3/12/2020,6,0,0,,7,7,10,5,-1,100
Moscow,3/13/2020,4,0,0,,6,7,6,4,0,95
Moscow,3/14/2020,9,0,0,,10,10,3,8,-1,100
Moscow,3/15/2020,4,0,0,,6,10,-2,5,0,80
Moscow,3/16/2020,4,0,0,,5,12,2,3,0,85
Moscow,3/17/2020,2,0,0,,8,19,9,-1,1,82
Moscow,3/18/2020,-2,0,0,,3,13,8,-4,1,75
Moscow,3/19/2020,-5,0,0,,0,7,8,-6,2,64
Moscow,3/20/2020,-6,0,0,,-2,5,4,-8,3,56
Moscow,3/21/2020,-6,0,0,,-6,2,-2,-7,2,53
Moscow,3/22/2020,-8,0,0,,-8,2,6,2,1,56
Moscow,3/23/2020,-12,0,0,,-5,1,4,-14,4,56
Moscow,3/24/2020,-12,0,0,,-5,1,5,-15,4,56
Moscow,3/25/2020,-10,0,0,,-2,7,13,-15,4,54
Moscow,3/26/2020,-11,0,0,,-4,8,16,-16,4,49
New York City,3/2/2020,0.80000001,0,0,,7.1999998,5.8000002,15.4,4,5.4000001,100
New York City,3/3/2020,0.80000001,0,0,,3.4000001,4.8000002,5.8000002,3,4,102
New York City,3/4/2020,0,0,0,,7.4000001,7.8000002,17.6,2,2.2,104
New York City,3/5/2020,0.40000001,0,0,,8.1999998,9.1999998,19.799999,2,3,102
New York City,3/6/2020,-3.5999999,0,0,,-4.4000001,-2.2,-9.3999996,-1,2.2,103
New York City,3/7/2020,3,0,0,,6.8000002,8.3999996,22.200001,7,6.4000001,103
New York City,3/8/2020,0,0,0,,5.1999998,5.4000001,51.400002,0,0.60000002,101
New York City,3/9/2020,-1.4,0,0,,8.1999998,7.1999998,54,-3,2,97
New York City,3/10/2020,-4.5999999,0,0,,1.6,8.3999996,17.6,-7,-2.2,90
New York City,3/11/2020,-7.4000001,0,0,,2.2,10,21.4,-12,-3.2,85
New York City,3/12/2020,-12.2,0,0,,-1.2,27,2.8,-18,-7.1999998,70
New York City,3/13/2020,-18.4,0,0,,-8.3999996,26.4,10,-26,-12,54
New York City,3/14/2020,-17.6,0,0,,-12.2,19,31.4,-9,-3.8,47
New York City,3/15/2020,-24.6,0,0,,-18.799999,11,27.799999,-17,-10.4,36
New York City,3/16/2020,-35.200001,0,0,,-19.799999,18.6,-16.4,-48,-31.200001,30
New York City,3/17/2020,-41.400002,0,0,,-31.799999,12.2,-13,-55,-37.200001,20
New York City,3/18/2020,-44.400002,0,0,,-33.400002,8,1,-58,-40.400002,17
New York City,3/19/2020,-49,0,0,,-40.400002,-2.2,-18.200001,-62,-44.799999,13
New York City,3/20/2020,-49,0,0,,-41.599998,5.8000002,3.2,-63,-48,12
New York City,3/21/2020,-47.200001,0,0,,-48,1.2,1.2,-41,-33.599998,10
New York City,3/22/2020,-57.400002,1,1,,-59,-21.4,-28.6,-48,-40.799999,8
New York City,3/23/2020,-68.400002,1,1,,-66.800003,-43.200001,-67.199997,-75,-61.799999,8
New York City,3/24/2020,-61.799999,1,1,,-55.599998,-19.799999,-14.8,-74,-61.799999,8
New York City,3/25/2020,-65.199997,1,1,,-61,-29.6,-48.599998,-75,-62.799999,7
New York City,3/26/2020,-63.200001,1,1,,-56.799999,-21.799999,-11.8,-75,-63.400002,8
Paris,3/2/2020,-4,0,0,,-6,5,-15,2,2,95
Paris,3/3/2020,-3,0,0,,-4,8,1,2,0,101
Paris,3/4/2020,-7,0,0,,-8,2,-16,2,1,95
Paris,3/5/2020,-4,0,0,,-8,-5,-19,1,2,98
Paris,3/6/2020,-2,0,0,,-6,6,-8,3,1,99
Paris,3/7/2020,1,0,0,,-8,2,4,0,1,99
Paris,3/8/2020,-6,0,0,,-11,-2,-23,-3,1,95
Paris,3/9/2020,-8,0,0,,-7,1,-4,0,2,86
Paris,3/10/2020,-8,0,0,,-10,2,-10,-1,2,88
Paris,3/11/2020,-9,0,0,,-9,1,-1,-1,1,89
Paris,3/12/2020,-9,0,0,,-9,4,-5,-2,2,81
Paris,3/13/2020,-12,0,0,,-14,18,-11,-3,4,74
Paris,3/14/2020,-20,1,0,,-28,4,-34,-8,6,65
Paris,3/15/2020,-24,1,0,,-53,25,34,-17,5,47
Paris,3/16/2020,-42,1,0,,-47,46,-39,-47,18,33
Paris,3/17/2020,-66,1,1,,-73,-11,-65,-68,30,15
Paris,3/18/2020,-78,1,1,,-84,-38,-69,-76,35,8
Paris,3/19/2020,-79,1,1,,-83,-37,-69,-78,38,7
Paris,3/20/2020,-81,1,1,,-84,-37,-80,-78,41,6
Paris,3/21/2020,-82,1,1,,-88,-51,-89,-64,26,5
Paris,3/22/2020,-83,1,1,,-89,-58,-86,-59,19,6
Paris,3/23/2020,-83,1,1,,-83,-38,-80,-80,38,7
Paris,3/24/2020,-83,1,1,,-84,-40,-81,-81,40,6
Paris,3/25/2020,-84,1,1,,-85,-45,-81,-81,38,6
Paris,3/26/2020,-84,1,1,,-84,-43,-80,-81,40,6
Philadelphia,3/2/2020,2,0,0,,10,9,23,1,0,94
Philadelphia,3/3/2020,4,0,0,,11,10,6,1,-1,96
Philadelphia,3/4/2020,4,0,0,,13,12,43,1,-1,89
Philadelphia,3/5/2020,3,0,0,,11,12,37,1,-1,96
Philadelphia,3/6/2020,-3,0,0,,-3,-2,-10,0,2,95
Philadelphia,3/7/2020,3,0,0,,14,7,28,5,-1,101
Philadelphia,3/8/2020,4,0,0,,11,8,64,2,-1,103
Philadelphia,3/9/2020,-1,0,0,,10,10,72,0,-1,100
Philadelphia,3/10/2020,-2,0,0,,8,10,30,0,0,85
Philadelphia,3/11/2020,-1,0,0,,7,12,53,-1,0,85
Philadelphia,3/12/2020,-8,0,0,,3,22,37,-3,1,70
Philadelphia,3/13/2020,-14,0,0,,-3,21,23,-11,5,56
Philadelphia,3/14/2020,-13,0,0,,-5,13,25,-1,3,50
Philadelphia,3/15/2020,-20,0,0,,-13,6,18,-9,4,39
Philadelphia,3/16/2020,-33,0,0,,-13,12,-21,-28,10,38
Philadelphia,3/17/2020,-40,0,0,,-30,0,-29,-39,15,28
Philadelphia,3/18/2020,-43,0,0,,-35,-5,0,-43,16,22
Philadelphia,3/19/2020,-49,0,0,,-40,-6,-25,-45,18,19
Philadelphia,3/20/2020,-47,0,0,,-40,-2,-7,-46,19,19
Philadelphia,3/21/2020,-43,0,0,,-46,-9,-11,-32,13,19
Philadelphia,3/22/2020,-51,0,0,,-51,-17,-39,-36,11,17
Philadelphia,3/23/2020,-65,0,0,,-59,-33,-72,-57,24,17
Philadelphia,3/24/2020,-58,1,1,,-49,-18,-32,-57,22,13
Philadelphia,3/25/2020,-62,1,1,,-55,-27,-56,-58,24,13
Philadelphia,3/26/2020,-57,1,1,,-47,-15,-6,-57,22,15
Rhine-Ruhr,3/2/2020,-3,0,0,,-2,6,-5,1,0,74
Rhine-Ruhr,3/3/2020,-3,0,0,,2,5,24,-1,1,79
Rhine-Ruhr,3/4/2020,-5,0,0,,2,2,19,-1,1,75
Rhine-Ruhr,3/5/2020,-7,0,0,,-6,-2,-15,-1,2,82
Rhine-Ruhr,3/6/2020,-7,0,0,,-3,1,-9,-2,2,86
Rhine-Ruhr,3/7/2020,0,0,0,,1,-1,46,0,1,80
Rhine-Ruhr,3/8/2020,-6,0,0,,2,13,14,-1,1,81
Rhine-Ruhr,3/9/2020,-7,0,0,,-3,1,4,0,1,71
Rhine-Ruhr,3/10/2020,-10,0,0,,-9,-2,-15,-2,3,68
Rhine-Ruhr,3/11/2020,-10,0,0,,-5,1,2,-3,2,72
Rhine-Ruhr,3/12/2020,-9,0,0,,-6,5,11,-3,2,67
Rhine-Ruhr,3/13/2020,-15,0,0,,-11,18,-4,-4,4,52
Rhine-Ruhr,3/14/2020,-19,1,0,,-18,9,44,-4,4,48
Rhine-Ruhr,3/15/2020,-18,1,0,,-16,7,90,-7,3,44
Rhine-Ruhr,3/16/2020,-28,1,0,,-10,20,46,-19,6,35
Rhine-Ruhr,3/17/2020,-35,1,0,,-21,12,67,-27,10,27
Rhine-Ruhr,3/18/2020,-41,1,0,,-36,9,67,-32,12,28
Rhine-Ruhr,3/19/2020,-48,1,0,,-49,-2,12,-36,14,22
Rhine-Ruhr,3/20/2020,-55,1,0,,-56,-1,-21,-38,17,16
Rhine-Ruhr,3/21/2020,-56,1,0,,-66,-19,8,-30,13,13
Rhine-Ruhr,3/22/2020,-57,1,0,,-69,-33,32,-33,9,15
Rhine-Ruhr,3/23/2020,-57,1,0,,-56,-14,12,-41,15,17
Rhine-Ruhr,3/24/2020,-57,1,0,,-57,-15,40,-44,18,16
Rhine-Ruhr,3/25/2020,-57,1,0,,-56,-15,44,-44,17,15
Rhine-Ruhr,3/26/2020,-57,1,0,,-57,-13,27,-44,17,16
Rome,3/2/2020,-13,0,0,,-12,-7,-29,1,2,97
Rome,3/3/2020,-14,0,0,,-7,-1,-24,0,2,91
Rome,3/4/2020,-11,0,0,,-5,4,-8,1,1,91
Rome,3/5/2020,-22,0,0,,-10,6,-7,-15,6,74
Rome,3/6/2020,-26,0,0,,-16,2,-15,-16,8,66
Rome,3/7/2020,-23,0,0,,-18,4,-3,-8,5,59
Rome,3/8/2020,-30,0,0,,-23,4,11,-8,4,51
Rome,3/9/2020,-39,0,0,,-28,2,-24,-25,11,43
Rome,3/10/2020,-52,1,1,,-44,-2,-37,-36,17,23
Rome,3/11/2020,-60,1,1,,-53,-15,-38,-44,21,16
Rome,3/12/2020,-70,1,1,,-72,-25,-63,-55,28,11
Rome,3/13/2020,-75,1,1,,-77,-32,-69,-60,31,7
Rome,3/14/2020,-77,1,1,,-84,-43,-79,-56,24,7
Rome,3/15/2020,-82,1,1,,-90,-55,-82,-55,22,5
Rome,3/16/2020,-79,1,1,,-76,-39,-74,-64,30,8
Rome,3/17/2020,-80,1,1,,-79,-43,-77,-67,32,6
Rome,3/18/2020,-81,1,1,,-80,-46,-77,-68,32,6
Rome,3/19/2020,-82,1,1,,-80,-46,-79,-69,33,6
Rome,3/20/2020,-81,1,1,,-81,-45,-81,-68,34,5
Rome,3/21/2020,-81,1,1,,-86,-53,-86,-61,26,5
Rome,3/22/2020,-87,1,1,,-94,-76,-91,-62,24,4
Rome,3/23/2020,-83,1,1,,-80,-47,-84,-71,33,6
Rome,3/24/2020,-84,1,1,,-82,-49,-84,-72,34,4
Rome,3/25/2020,-84,1,1,,-83,-50,-84,-73,35,5
Rome,3/26/2020,-86,1,1,,-85,-55,-87,-74,37,4
San Francisco,3/2/2020,-6,0,0,,-2,10,13,0,1,100
San Francisco,3/3/2020,-3,0,0,,1,12,12,-1,1,100
San Francisco,3/4/2020,-4,0,0,,-4,5,0,-2,2,96
San Francisco,3/5/2020,-9,0,0,,-4,6,-8,-4,2,95
San Francisco,3/6/2020,-17,0,0,,-9,6,-15,-8,5,93
San Francisco,3/7/2020,-24,0,0,,-12,1,-19,0,4,85
San Francisco,3/8/2020,-18,0,0,,-13,-4,-8,-2,3,88
San Francisco,3/9/2020,-22,0,0,,-8,7,2,-18,8,83
San Francisco,3/10/2020,-24,0,0,,-6,10,9,-21,9,74
San Francisco,3/11/2020,-30,0,0,,-13,8,3,-26,11,65
San Francisco,3/12/2020,-35,0,0,,-17,16,-4,-32,14,57
San Francisco,3/13/2020,-40,0,0,,-26,17,-16,-35,15,49
San Francisco,3/14/2020,-48,0,0,,-41,1,-54,-13,11,40
San Francisco,3/15/2020,-41,0,0,,-42,-1,-35,-15,10,38
San Francisco,3/16/2020,-52,0,0,,-32,32,-20,-54,20,33
San Francisco,3/17/2020,-70,1,1,,-64,-11,-27,-72,32,14
San Francisco,3/18/2020,-72,1,1,,-67,-18,-35,-73,33,9
San Francisco,3/19/2020,-71,1,1,,-66,-16,-25,-73,33,9
San Francisco,3/20/2020,-70,1,1,,-69,-16,-36,-72,34,9
San Francisco,3/21/2020,-65,1,1,,-73,-22,-38,-49,20,9
San Francisco,3/22/2020,-62,1,1,,-72,-30,-34,-48,19,9
San Francisco,3/23/2020,-74,1,1,,-68,-28,-50,-76,34,8
San Francisco,3/24/2020,-75,1,1,,-70,-28,-54,-76,36,6
San Francisco,3/25/2020,-74,1,1,,-70,-25,-40,-76,34,6
San Francisco,3/26/2020,-74,1,1,,-70,-26,-39,-77,36,6
Sao Paulo,3/2/2020,7,0,0,,-7,0,-27,19,-1,112
Sao Paulo,3/3/2020,6,0,0,,-7,1,-25,12,0,115
Sao Paulo,3/4/2020,8,0,0,,-1,2,-13,16,-2,112
Sao Paulo,3/5/2020,13,0,0,,3,10,2,17,-2,118
Sao Paulo,3/6/2020,14,0,0,,9,13,2,20,-4,117
Sao Paulo,3/7/2020,12,0,0,,11,15,0,9,-1,120
Sao Paulo,3/8/2020,6,0,0,,11,12,0,4,0,105
Sao Paulo,3/9/2020,12,0,0,,0,7,-11,20,-2,112
Sao Paulo,3/10/2020,11,0,0,,0,5,-14,16,-2,117
Sao Paulo,3/11/2020,11,0,0,,1,2,-6,16,-2,113
Sao Paulo,3/12/2020,13,0,0,,1,8,5,16,-2,107
Sao Paulo,3/13/2020,9,0,0,,1,8,-2,18,-2,96
Sao Paulo,3/14/2020,2,0,0,,-1,9,-3,7,1,88
Sao Paulo,3/15/2020,-3,0,0,,-5,10,4,2,2,73
Sao Paulo,3/16/2020,-6,0,0,,-13,7,-21,10,2,62
Sao Paulo,3/17/2020,-18,0,0,,-21,6,-32,0,5,45
Sao Paulo,3/18/2020,-23,0,0,,-24,7,-28,-5,7,33
Sao Paulo,3/19/2020,-29,0,0,,-31,11,-28,-14,10,25
Sao Paulo,3/20/2020,-37,0,0,,-41,5,-42,-18,13,19
Sao Paulo,3/21/2020,-48,0,0,,-59,-9,-64,-26,16,17
Sao Paulo,3/22/2020,-57,0,0,,-68,-28,-70,-32,17,17
Sao Paulo,3/23/2020,-57,0,0,,-62,-20,-60,-39,21,13
Sao Paulo,3/24/2020,-63,1,0,,-71,-30,-65,-50,24,11
Sao Paulo,3/25/2020,-63,1,0,,-69,-28,-59,-51,24,12
Sao Paulo,3/26/2020,-62,1,0,,-67,-23,-51,-51,24,11
Seattle,3/2/2020,-6,0,0,,-3,9,-12,0,1,83
Seattle,3/3/2020,-8,0,0,,-1,10,15,-5,3,38
Seattle,3/4/2020,-9,0,0,,-2,6,52,-8,3,80
Seattle,3/5/2020,-16,0,0,,-5,5,14,-16,7,72
Seattle,3/6/2020,-21,0,0,,-11,-1,-5,-22,9,71
Seattle,3/7/2020,-12,0,0,,-13,-5,13,-5,4,68
Seattle,3/8/2020,-14,0,0,,-5,-6,33,-6,3,74
Seattle,3/9/2020,-25,0,0,,-6,-1,47,-25,9,56
Seattle,3/10/2020,-27,0,0,,-7,1,25,-27,10,56
Seattle,3/11/2020,-28,0,0,,-9,6,33,-27,10,51
Seattle,3/12/2020,-33,0,0,,-11,10,30,-32,12,43
Seattle,3/13/2020,-40,0,0,,-20,7,-30,-37,15,41
Seattle,3/14/2020,-28,0,0,,-28,1,12,-13,7,36
Seattle,3/15/2020,-31,0,0,,-20,-4,42,-15,6,42
Seattle,3/16/2020,-44,0,0,,-26,12,43,-45,16,28
Seattle,3/17/2020,-47,0,0,,-35,2,54,-51,20,23
Seattle,3/18/2020,-50,0,0,,-38,-1,89,-53,21,19
Seattle,3/19/2020,-56,0,0,,-40,-3,81,-55,22,17
Seattle,3/20/2020,-56,0,0,,-43,-3,75,-55,23,16
Seattle,3/21/2020,-50,0,0,,-53,-15,56,-36,13,18
Seattle,3/22/2020,-57,0,0,,-50,-21,20,-38,12,18
Seattle,3/23/2020,-63,1,0,,-46,-12,-9,-58,23,14
Seattle,3/24/2020,-64,1,0,,-50,-17,-8,-62,27,10
Seattle,3/25/2020,-66,1,0,,-53,-20,5,-65,27,8
Seattle,3/26/2020,-70,1,0,,-58,-26,-23,-68,30,9
Seoul,3/2/2020,-20,0,0,,-23,-1,10,-8,9,52
Seoul,3/3/2020,-21,0,0,,-24,-7,2,-9,8,51
Seoul,3/4/2020,-25,0,0,,-30,-10,-7,-11,10,48
Seoul,3/5/2020,-25,0,0,,-28,-11,-2,-9,9,46
Seoul,3/6/2020,-22,0,0,,-27,-8,1,-9,10,46
Seoul,3/7/2020,-29,0,0,,-32,-7,-16,-8,11,43
Seoul,3/8/2020,-24,0,0,,-27,-14,34,-14,9,51
Seoul,3/9/2020,-17,0,0,,-19,1,16,-6,8,46
Seoul,3/10/2020,-25,0,0,,-27,-11,-32,-9,9,41
Seoul,3/11/2020,-18,0,0,,-22,-3,23,-8,8,43
Seoul,3/12/2020,-20,0,0,,-23,-5,19,-7,8,45
Seoul,3/13/2020,-20,0,0,,-24,-5,2,-7,9,41
Seoul,3/14/2020,-22,0,0,,-25,1,4,-5,9,40
Seoul,3/15/2020,-29,0,0,,-28,1,-3,-12,9,38
Seoul,3/16/2020,-16,0,0,,-17,1,23,-6,8,44
Seoul,3/17/2020,-17,0,0,,-19,-5,12,-6,6,40
Seoul,3/18/2020,-16,0,0,,-19,-1,47,-7,7,41
Seoul,3/19/2020,-25,0,0,,-28,-13,-18,-7,9,36
Seoul,3/20/2020,-17,0,0,,-20,-2,17,-6,8,44
Seoul,3/21/2020,-18,0,0,,-21,4,31,-5,7,39
Seoul,3/22/2020,-17,0,0,,-20,-8,52,-12,7,38
Seoul,3/23/2020,-13,0,0,,-15,6,47,-5,7,36
Seoul,3/24/2020,-13,0,0,,-16,0,40,-6,5,36
Seoul,3/25/2020,-14,0,0,,-18,1,61,-8,7,37
Seoul,3/26/2020,-21,0,0,,-25,-8,3,-7,8,36
Singapore,3/2/2020,-12,0,0,,-8,-5,-7,-2,6,88
Singapore,3/3/2020,-13,0,0,,-8,-5,-3,-1,6,91
Singapore,3/4/2020,-12,0,0,,-11,-12,-7,-2,6,90
Singapore,3/5/2020,-9,0,0,,-12,-11,-13,-2,6,87
Singapore,3/6/2020,-10,0,0,,-8,-9,-8,3,7,90
Singapore,3/7/2020,-15,0,0,,-10,-8,-16,0,6,89
Singapore,3/8/2020,-16,0,0,,-11,-10,-7,-2,5,88
Singapore,3/9/2020,-14,0,0,,-11,-7,-9,-1,6,87
Singapore,3/10/2020,-13,0,0,,-11,-7,-4,-1,6,95
Singapore,3/11/2020,-13,0,0,,-13,-12,-9,-2,7,88
Singapore,3/12/2020,-9,0,0,,-13,-9,-8,-2,6,84
Singapore,3/13/2020,-12,0,0,,-10,-10,-9,1,8,83
Singapore,3/14/2020,-15,0,0,,-11,-8,-1,0,6,85
Singapore,3/15/2020,-18,0,0,,-14,-10,4,-3,6,82
Singapore,3/16/2020,-16,0,0,,-10,-2,1,-11,9,80
Singapore,3/17/2020,-16,0,0,,-8,16,2,-12,9,81
Singapore,3/18/2020,-19,0,0,,-11,-2,-3,-14,11,79
Singapore,3/19/2020,-19,0,0,,-13,-1,-2,-16,12,73
Singapore,3/20/2020,-21,0,0,,-11,-6,-6,-13,15,73
Singapore,3/21/2020,-23,0,0,,-13,-4,-15,-3,11,75
Singapore,3/22/2020,-31,0,0,,-18,-8,-18,-8,11,67
Singapore,3/23/2020,-24,0,0,,-16,-3,-23,-11,12,63
Singapore,3/24/2020,-23,0,0,,-13,3,-9,-13,12,66
Singapore,3/25/2020,-25,0,0,,-16,-1,-13,-15,14,62
Singapore,3/26/2020,-25,0,0,,-18,4,-15,-16,14,56
Stockholm,3/2/2020,-2,0,0,,-1,3,6,0,1,98
Stockholm,3/3/2020,-5,0,0,,-3,2,-5,1,1,93
Stockholm,3/4/2020,-6,0,0,,-6,-2,-18,0,2,97
Stockholm,3/5/2020,-6,0,0,,-2,3,-9,0,1,98
Stockholm,3/6/2020,0,0,0,,3,3,27,0,1,105
Stockholm,3/7/2020,3,0,0,,4,3,14,1,1,106
Stockholm,3/8/2020,-3,0,0,,0,-1,5,-1,1,99
Stockholm,3/9/2020,-5,0,0,,-3,0,11,-1,1,92
Stockholm,3/10/2020,-7,0,0,,-5,2,-3,-1,1,87
Stockholm,3/11/2020,-10,0,0,,-7,5,-4,-3,3,83
Stockholm,3/12/2020,-20,0,0,,-16,12,-30,-9,6,71
Stockholm,3/13/2020,-22,0,0,,-16,12,-3,-18,9,66
Stockholm,3/14/2020,-21,0,0,,-20,8,21,-7,5,65
Stockholm,3/15/2020,-32,0,0,,-28,-5,-19,-12,5,53
Stockholm,3/16/2020,-31,0,0,,-23,3,-3,-26,11,52
Stockholm,3/17/2020,-40,0,0,,-29,-1,-13,-34,14,39
Stockholm,3/18/2020,-45,0,0,,-32,-5,-20,-40,17,34
Stockholm,3/19/2020,-43,0,0,,-28,-3,20,-41,16,36
Stockholm,3/20/2020,-45,0,0,,-32,-8,-18,-41,17,30
Stockholm,3/21/2020,-40,0,0,,-33,-11,8,-17,8,31
Stockholm,3/22/2020,-41,0,0,,-32,-13,36,-19,6,30
Stockholm,3/23/2020,-46,0,0,,-33,-13,-13,-41,17,35
Stockholm,3/24/2020,-46,0,0,,-32,-10,0,-41,17,32
Stockholm,3/25/2020,-45,0,0,,-28,-3,2,-41,16,32
Stockholm,3/26/2020,-44,0,0,,-27,-5,26,-42,16,26
Sydney,3/2/2020,7,0,0,,-1,5,-7,18,-2,121
Sydney,3/3/2020,6,0,0,,-4,6,-27,15,-1,109
Sydney,3/4/2020,2,0,0,,-3,14,-30,13,0,106
Sydney,3/5/2020,2,0,0,,-3,7,-38,14,1,105
Sydney,3/6/2020,6,0,0,,2,14,-11,17,-2,107
Sydney,3/7/2020,5,0,0,,3,15,-1,4,0,108
Sydney,3/8/2020,-7,0,0,,2,11,-1,0,1,109
Sydney,3/9/2020,4,0,0,,-2,8,-17,16,0,107
Sydney,3/10/2020,1,0,0,,-4,6,-15,13,-1,98
Sydney,3/11/2020,2,0,0,,-4,7,-5,13,-1,99
Sydney,3/12/2020,2,0,0,,0,10,4,13,-1,100
Sydney,3/13/2020,1,0,0,,-1,14,-1,14,-2,92
Sydney,3/14/2020,-14,0,0,,-5,14,-35,1,2,72
Sydney,3/15/2020,-17,0,0,,-3,21,-16,-2,3,75
Sydney,3/16/2020,-13,0,0,,-5,29,-34,9,3,66
Sydney,3/17/2020,-19,0,0,,-6,35,-26,2,4,61
Sydney,3/18/2020,-21,0,0,,-8,36,-13,-2,5,56
Sydney,3/19/2020,-24,0,0,,-9,30,-3,-3,6,54
Sydney,3/20/2020,-25,0,0,,-14,20,-3,-3,6,56
Sydney,3/21/2020,-26,0,0,,-18,16,-9,-5,6,47
Sydney,3/22/2020,-34,0,0,,-16,17,3,-12,6,45
Sydney,3/23/2020,-38,1,0,,-20,19,-28,-11,9,28
Sydney,3/24/2020,-47,1,0,,-33,4,-33,-24,14,23
Sydney,3/25/2020,-53,1,0,,-36,0,-41,-28,16,20
Sydney,3/26/2020,-55,1,0,,-37,3,-33,-32,18,18
Tokyo,3/2/2020,-16,0,0,,-21,-5,-38,-5,6,60
Tokyo,3/3/2020,-16,0,0,,-8,10,11,-6,5,62
Tokyo,3/4/2020,-20,0,0,,-20,-4,-26,-8,7,63
Tokyo,3/5/2020,-18,0,0,,-14,2,-10,-7,7,61
Tokyo,3/6/2020,-20,0,0,,-14,4,1,-8,7,63
Tokyo,3/7/2020,-25,0,0,,-18,2,-16,-6,6,56
Tokyo,3/8/2020,-34,0,0,,-26,-9,-54,-8,7,53
Tokyo,3/9/2020,-17,0,0,,-13,4,6,-6,5,50
Tokyo,3/10/2020,-19,0,0,,-20,-10,-36,-10,8,57
Tokyo,3/11/2020,-18,0,0,,-9,6,18,-8,5,54
Tokyo,3/12/2020,-18,0,0,,-10,4,9,-8,6,50
Tokyo,3/13/2020,-19,0,0,,-10,5,8,-8,7,46
Tokyo,3/14/2020,-30,0,0,,-29,-17,-58,-11,9,39
Tokyo,3/15/2020,-24,0,0,,-10,10,16,-3,4,39
Tokyo,3/16/2020,-16,0,0,,-13,0,-8,-5,5,37
Tokyo,3/17/2020,-17,0,0,,-9,4,6,-7,5,46
Tokyo,3/18/2020,-15,0,0,,-9,4,21,-7,5,42
Tokyo,3/19/2020,-13,0,0,,-3,4,14,-8,4,37
Tokyo,3/20/2020,-44,0,0,,-15,2,37,-66,22,35
Tokyo,3/21/2020,-21,0,0,,-13,4,38,-10,4,27
Tokyo,3/22/2020,-21,0,0,,-13,4,51,-5,2,23
Tokyo,3/23/2020,-15,0,0,,-13,0,2,-6,5,18
Tokyo,3/24/2020,-16,0,0,,-8,3,12,-9,6,18
Tokyo,3/25/2020,-14,0,0,,-6,14,37,-8,4,21
Tokyo,3/26/2020,-17,0,0,,-10,25,26,-10,6,15
Toronto,3/2/2020,-2,0,0,,2,4,0,4,0,95
Toronto,3/3/2020,0,0,0,,1,3,-6,4,0,102
Toronto,3/4/2020,0,0,0,,4,4,1,4,0,97
Toronto,3/5/2020,2,0,0,,6,6,21,0,0,105
Toronto,3/6/2020,-3,0,0,,-3,-4,-4,3,1,100
Toronto,3/7/2020,8,0,0,,10,9,41,9,-1,109
Toronto,3/8/2020,6,0,0,,13,10,86,5,-1,106
Toronto,3/9/2020,-3,0,0,,4,5,41,3,1,94
Toronto,3/10/2020,-4,0,0,,1,4,-2,3,1,95
Toronto,3/11/2020,-5,0,0,,3,7,1,2,1,91
Toronto,3/12/2020,-6,0,0,,6,32,9,1,1,87
Toronto,3/13/2020,-16,0,0,,-3,41,-7,-4,3,78
Toronto,3/14/2020,-17,0,0,,-10,26,5,0,3,72
Toronto,3/15/2020,-22,0,0,,-10,14,44,-6,4,67
Toronto,3/16/2020,-39,0,0,,-12,27,10,-31,11,51
Toronto,3/17/2020,-46,0,0,,-29,15,2,-39,15,40
Toronto,3/18/2020,-51,0,0,,-36,1,1,-44,17,32
Toronto,3/19/2020,-54,0,0,,-38,2,11,-47,19,31
Toronto,3/20/2020,-56,0,0,,-45,-8,-15,-49,21,27
Toronto,3/21/2020,-49,0,0,,-48,-12,16,-34,13,30
Toronto,3/22/2020,-55,0,0,,-51,-22,6,-38,12,27
Toronto,3/23/2020,-66,0,0,,-47,-13,-39,-55,22,23
Toronto,3/24/2020,-64,0,0,,-48,-12,-6,-57,22,22
Toronto,3/25/2020,-67,1,0,,-54,-23,5,-61,25,19
Toronto,3/26/2020,-68,1,0,,-55,-22,-10,-61,26,18
Vancouver,3/2/2020,-4,0,0,,-1,4,-8,2,1,93
Vancouver,3/3/2020,-2,0,0,,3,7,27,5,1,95
Vancouver,3/4/2020,4,0,0,,5,6,56,2,-1,94
Vancouver,3/5/2020,-4,0,0,,1,3,13,2,1,102
Vancouver,3/6/2020,4,0,0,,7,6,54,4,-2,93
Vancouver,3/7/2020,0,0,0,,3,4,11,2,0,99
Vancouver,3/8/2020,6,0,0,,7,6,60,0,0,98
Vancouver,3/9/2020,-3,0,0,,1,6,48,1,1,93
Vancouver,3/10/2020,-7,0,0,,0,2,14,3,2,91
Vancouver,3/11/2020,-3,0,0,,3,8,53,0,1,89
Vancouver,3/12/2020,-8,0,0,,2,18,37,0,2,91
Vancouver,3/13/2020,-14,0,0,,0,27,10,-2,2,76
Vancouver,3/14/2020,-17,0,0,,-7,21,9,-4,4,74
Vancouver,3/15/2020,-15,0,0,,-6,15,58,-8,3,70
Vancouver,3/16/2020,-27,0,0,,-6,34,55,-24,8,67
Vancouver,3/17/2020,-34,0,0,,-16,27,80,-31,12,45
Vancouver,3/18/2020,-39,0,0,,-27,17,87,-39,14,38
Vancouver,3/19/2020,-45,0,0,,-34,6,81,-43,16,34
Vancouver,3/20/2020,-45,0,0,,-38,1,77,-44,16,27
Vancouver,3/21/2020,-46,0,0,,-48,-9,50,-37,12,27
Vancouver,3/22/2020,-53,0,0,,-53,-21,8,-41,12,22
Vancouver,3/23/2020,-58,0,0,,-48,-16,-4,-52,20,24
Vancouver,3/24/2020,-61,0,0,,-50,-17,16,-54,22,18
Vancouver,3/25/2020,-58,0,0,,-49,-16,40,-56,21,16
Vancouver,3/26/2020,-64,0,0,,-54,-22,-18,-57,23,17
Vienna,3/2/2020,3,0,0,,2,6,36,3,-1,130
Vienna,3/3/2020,-1,0,0,,-1,3,4,3,0,114
Vienna,3/4/2020,1,0,0,,0,5,18,1,0,128
Vienna,3/5/2020,1,0,0,,1,5,27,1,-1,134
Vienna,3/6/2020,0,0,0,,0,3,10,0,0,125
Vienna,3/7/2020,-2,0,0,,2,3,3,0,0,121
Vienna,3/8/2020,5,0,0,,8,16,24,1,-1,102
Vienna,3/9/2020,-1,0,0,,0,5,17,1,-1,114
Vienna,3/10/2020,-1,0,0,,-1,13,29,2,0,103
Vienna,3/11/2020,-9,0,0,,-12,17,11,-3,2,92
Vienna,3/12/2020,-11,0,0,,-13,27,40,-5,2,80
Vienna,3/13/2020,-22,0,0,,-22,52,-11,-10,5,51
Vienna,3/14/2020,-34,0,0,,-36,-1,-9,-10,7,41
Vienna,3/15/2020,-47,0,0,,-57,-26,-28,-16,8,30
Vienna,3/16/2020,-60,0,0,,-70,-8,-35,-52,20,15
Vienna,3/17/2020,-70,1,0,,-80,-28,-48,-63,26,8
Vienna,3/18/2020,-69,1,0,,-79,-24,-14,-65,26,9
Vienna,3/19/2020,-71,1,0,,-80,-25,-20,-67,27,7
Vienna,3/20/2020,-70,1,0,,-80,-22,-23,-66,27,5
Vienna,3/21/2020,-77,1,0,,-87,-33,-77,-55,20,3
Vienna,3/22/2020,-77,1,0,,-89,-61,-69,-54,17,5
Vienna,3/23/2020,-74,1,0,,-81,-30,-63,-68,27,6
Vienna,3/24/2020,-73,1,0,,-81,-29,-43,-68,28,6
Vienna,3/25/2020,-76,1,0,,-83,-33,-63,-69,29,6
Vienna,3/26/2020,-74,1,0,,-81,-29,-49,-69,29,6
Washington DC,3/2/2020,4,0,0,,0,-2,-1,5,0,102
Washington DC,3/3/2020,3,0,0,,8,3,2,3,-1,95
Washington DC,3/4/2020,5,0,0,,14,5,8,1,-1,97
Washington DC,3/5/2020,3,0,0,,8,1,6,1,0,96
Washington DC,3/6/2020,1,0,0,,2,-2,-6,0,1,92
Washington DC,3/7/2020,3,0,0,,1,3,8,0,-1,101
Washington DC,3/8/2020,9,0,0,,11,5,33,1,-1,98
Washington DC,3/9/2020,0,0,0,,6,5,31,1,1,94
Washington DC,3/10/2020,-3,0,0,,5,3,13,-1,0,83
Washington DC,3/11/2020,0,0,0,,0,3,5,-5,2,82
Washington DC,3/12/2020,-13,0,0,,-4,11,0,-9,3,66
Washington DC,3/13/2020,-21,0,0,,-12,14,-5,-15,5,54
Washington DC,3/14/2020,-30,0,0,,-28,5,-26,-9,4,47
Washington DC,3/15/2020,-39,1,0,,-35,-7,-43,-17,6,35
Washington DC,3/16/2020,-43,1,0,,-31,-1,-35,-40,16,32
Washington DC,3/17/2020,-55,1,0,,-40,-6,-22,-52,19,19
Washington DC,3/18/2020,-59,1,0,,-45,-13,-32,-56,21,15
Washington DC,3/19/2020,-63,1,0,,-46,-11,-18,-58,22,13
Washington DC,3/20/2020,-62,1,0,,-50,-10,-16,-56,22,12
Washington DC,3/21/2020,-59,1,0,,-60,-14,-19,-38,13,14
Washington DC,3/22/2020,-64,1,0,,-60,-24,-25,-42,12,11
Washington DC,3/23/2020,-72,1,0,,-59,-32,-66,-63,27,9
Washington DC,3/24/2020,-71,1,0,,-55,-24,-46,-64,25,7
Washington DC,3/25/2020,-75,1,0,,-61,-31,-68,-67,28,6
Washington DC,3/26/2020,-73,1,0,,-58,-25,-42,-66,27,7
